"FullName","Name","Extension","Length","LastWriteTime"
"C:\Users\Wante\OneDrive\AI-social-manager\web\app","app","",,"23/09/2025 11:12:53"
"C:\Users\Wante\OneDrive\AI-social-manager\web\data","data","",,"20/09/2025 15:44:22"
"C:\Users\Wante\OneDrive\AI-social-manager\web\pages","pages","",,"23/09/2025 11:14:04"
"C:\Users\Wante\OneDrive\AI-social-manager\web\public","public","",,"22/09/2025 17:14:04"
"C:\Users\Wante\OneDrive\AI-social-manager\web\scripts","scripts","",,"20/09/2025 14:57:22"
"C:\Users\Wante\OneDrive\AI-social-manager\web\src","src","",,"23/09/2025 11:12:38"
"C:\Users\Wante\OneDrive\AI-social-manager\web\src.__now_20250923_104925","src.__now_20250923_104925",".__now_20250923_104925",,"21/09/2025 16:55:02"
"C:\Users\Wante\OneDrive\AI-social-manager\web\__backup","__backup","",,"20/09/2025 14:57:22"
"C:\Users\Wante\OneDrive\AI-social-manager\web\__snapshot_20250923_104925","__snapshot_20250923_104925","",,"23/09/2025 11:12:02"
"C:\Users\Wante\OneDrive\AI-social-manager\web\.env.local",".env.local",".local","1284","18/09/2025 19:42:02"
"C:\Users\Wante\OneDrive\AI-social-manager\web\diamond_pricing.json","diamond_pricing.json",".json","1029","10/09/2025 11:57:37"
"C:\Users\Wante\OneDrive\AI-social-manager\web\eslint.config.mjs","eslint.config.mjs",".mjs","524","2/09/2025 14:03:47"
"C:\Users\Wante\OneDrive\AI-social-manager\web\next-env.d.ts","next-env.d.ts",".ts","328","23/09/2025 11:18:27"
"C:\Users\Wante\OneDrive\AI-social-manager\web\next.config.ts","next.config.ts",".ts","292","20/09/2025 16:38:04"
"C:\Users\Wante\OneDrive\AI-social-manager\web\package-lock.json","package-lock.json",".json","73475","23/09/2025 8:56:38"
"C:\Users\Wante\OneDrive\AI-social-manager\web\package.broken.json","package.broken.json",".json","405","20/09/2025 16:10:50"
"C:\Users\Wante\OneDrive\AI-social-manager\web\package.json","package.json",".json","579","23/09/2025 8:56:38"
"C:\Users\Wante\OneDrive\AI-social-manager\web\project-files.csv","project-files.csv",".csv","0","23/09/2025 14:09:46"
"C:\Users\Wante\OneDrive\AI-social-manager\web\project-tree.txt","project-tree.txt",".txt","58245","23/09/2025 14:07:28"
"C:\Users\Wante\OneDrive\AI-social-manager\web\README.md","README.md",".md","1450","2/09/2025 14:03:47"
"C:\Users\Wante\OneDrive\AI-social-manager\web\routes-list.txt","routes-list.txt",".txt","41711","23/09/2025 14:08:11"
"C:\Users\Wante\OneDrive\AI-social-manager\web\run_due.bat","run_due.bat",".bat","101","9/09/2025 14:42:03"
"C:\Users\Wante\OneDrive\AI-social-manager\web\run_due_silent.vbs","run_due_silent.vbs",".vbs","141","9/09/2025 14:57:06"
"C:\Users\Wante\OneDrive\AI-social-manager\web\tsconfig.json","tsconfig.json",".json","670","8/09/2025 20:49:29"
"C:\Users\Wante\OneDrive\AI-social-manager\web\app\api","api","",,"23/09/2025 11:25:37"
"C:\Users\Wante\OneDrive\AI-social-manager\web\app\_debug","_debug","",,"23/09/2025 11:14:04"
"C:\Users\Wante\OneDrive\AI-social-manager\web\app\api\ai","ai","",,"23/09/2025 9:39:40"
"C:\Users\Wante\OneDrive\AI-social-manager\web\app\api\ai\visual","visual","",,"23/09/2025 9:39:40"
"C:\Users\Wante\OneDrive\AI-social-manager\web\app\api\ai\visual\route.ts","route.ts",".ts","2029","23/09/2025 10:19:25"
"C:\Users\Wante\OneDrive\AI-social-manager\web\app\_debug\page.tsx","page.tsx",".tsx","370","23/09/2025 11:12:53"
"C:\Users\Wante\OneDrive\AI-social-manager\web\pages\index.tsx","index.tsx",".tsx","124","23/09/2025 11:12:54"
"C:\Users\Wante\OneDrive\AI-social-manager\web\public\brand","brand","",,"22/09/2025 17:33:18"
"C:\Users\Wante\OneDrive\AI-social-manager\web\public\uploads","uploads","",,"23/09/2025 11:20:19"
"C:\Users\Wante\OneDrive\AI-social-manager\web\public\file.svg","file.svg",".svg","392","2/09/2025 14:39:34"
"C:\Users\Wante\OneDrive\AI-social-manager\web\public\globe.svg","globe.svg",".svg","1036","2/09/2025 14:39:34"
"C:\Users\Wante\OneDrive\AI-social-manager\web\public\logo.svg","logo.svg",".svg","523","21/09/2025 17:29:07"
"C:\Users\Wante\OneDrive\AI-social-manager\web\public\next.svg","next.svg",".svg","1376","2/09/2025 14:39:34"
"C:\Users\Wante\OneDrive\AI-social-manager\web\public\vercel.svg","vercel.svg",".svg","129","2/09/2025 14:39:34"
"C:\Users\Wante\OneDrive\AI-social-manager\web\public\window.svg","window.svg",".svg","386","2/09/2025 14:39:34"
"C:\Users\Wante\OneDrive\AI-social-manager\web\public\brand\Afbeelding van WhatsApp op 2025-09-22 om 17.00.44_3728bce3.jpg","Afbeelding van WhatsApp op 2025-09-22 om 17.00.44_3728bce3.jpg",".jpg","23091","22/09/2025 17:00:45"
"C:\Users\Wante\OneDrive\AI-social-manager\web\public\uploads\1757099482692-b247ed27abee-chatgpt-image-13-aug-2025-11_18_44.png","1757099482692-b247ed27abee-chatgpt-image-13-aug-2025-11_18_44.png",".png","1746701","5/09/2025 21:11:22"
"C:\Users\Wante\OneDrive\AI-social-manager\web\public\uploads\1757099486841-4b31d9c76138-chatgpt-image-13-aug-2025-11_18_44.png","1757099486841-4b31d9c76138-chatgpt-image-13-aug-2025-11_18_44.png",".png","1746701","5/09/2025 21:11:26"
"C:\Users\Wante\OneDrive\AI-social-manager\web\public\uploads\1757102095391-13b841e1dc50-chatgpt-image-27-aug-2025-14_51_16.png","1757102095391-13b841e1dc50-chatgpt-image-27-aug-2025-14_51_16.png",".png","2871559","5/09/2025 21:54:55"
"C:\Users\Wante\OneDrive\AI-social-manager\web\public\uploads\1757102099790-0d02cd5ab625-chatgpt-image-27-aug-2025-14_51_16.png","1757102099790-0d02cd5ab625-chatgpt-image-27-aug-2025-14_51_16.png",".png","2871559","5/09/2025 21:54:59"
"C:\Users\Wante\OneDrive\AI-social-manager\web\public\uploads\1757102373030-4457e34b35a0-chatgpt-image-27-aug-2025-14_51_16.png","1757102373030-4457e34b35a0-chatgpt-image-27-aug-2025-14_51_16.png",".png","2871559","5/09/2025 21:59:33"
"C:\Users\Wante\OneDrive\AI-social-manager\web\scripts\ping-runner.ps1","ping-runner.ps1",".ps1","975","7/09/2025 14:32:10"
"C:\Users\Wante\OneDrive\AI-social-manager\web\scripts\ping-runner.vbs","ping-runner.vbs",".vbs","185","7/09/2025 14:12:57"
"C:\Users\Wante\OneDrive\AI-social-manager\web\scripts\runner.log","runner.log",".log","213945","23/09/2025 14:09:05"
"C:\Users\Wante\OneDrive\AI-social-manager\web\src\app","app","",,"23/09/2025 12:42:12"
"C:\Users\Wante\OneDrive\AI-social-manager\web\src\components","components","",,"23/09/2025 11:12:38"
"C:\Users\Wante\OneDrive\AI-social-manager\web\src\lib","lib","",,"23/09/2025 11:12:38"
"C:\Users\Wante\OneDrive\AI-social-manager\web\src\app\ai","ai","",,"23/09/2025 11:12:38"
"C:\Users\Wante\OneDrive\AI-social-manager\web\src\app\api","api","",,"23/09/2025 11:25:37"
"C:\Users\Wante\OneDrive\AI-social-manager\web\src\app\app","app","",,"23/09/2025 11:12:38"
"C:\Users\Wante\OneDrive\AI-social-manager\web\src\app\components","components","",,"23/09/2025 11:12:38"
"C:\Users\Wante\OneDrive\AI-social-manager\web\src\app\connect","connect","",,"23/09/2025 11:12:38"
"C:\Users\Wante\OneDrive\AI-social-manager\web\src\app\packs","packs","",,"23/09/2025 11:12:38"
"C:\Users\Wante\OneDrive\AI-social-manager\web\src\app\planner","planner","",,"23/09/2025 11:12:38"
"C:\Users\Wante\OneDrive\AI-social-manager\web\src\app\team","team","",,"23/09/2025 11:12:38"
"C:\Users\Wante\OneDrive\AI-social-manager\web\src\app\z-check","z-check","",,"23/09/2025 12:42:55"
"C:\Users\Wante\OneDrive\AI-social-manager\web\src\app\globals.css","globals.css",".css","269","20/09/2025 13:22:15"
"C:\Users\Wante\OneDrive\AI-social-manager\web\src\app\providers.tsx","providers.tsx",".tsx","246","10/09/2025 19:24:15"
"C:\Users\Wante\OneDrive\AI-social-manager\web\src\app\theme-init.tsx","theme-init.tsx",".tsx","851","9/09/2025 15:04:17"
"C:\Users\Wante\OneDrive\AI-social-manager\web\src\app\ai\brand-voice","brand-voice","",,"23/09/2025 11:12:38"
"C:\Users\Wante\OneDrive\AI-social-manager\web\src\app\api\ai","ai","",,"23/09/2025 11:12:38"
"C:\Users\Wante\OneDrive\AI-social-manager\web\src\app\api\auth","auth","",,"23/09/2025 11:12:38"
"C:\Users\Wante\OneDrive\AI-social-manager\web\src\app\api\cron","cron","",,"23/09/2025 11:12:38"
"C:\Users\Wante\OneDrive\AI-social-manager\web\src\app\api\debug","debug","",,"23/09/2025 11:12:38"
"C:\Users\Wante\OneDrive\AI-social-manager\web\src\app\api\fb","fb","",,"23/09/2025 11:12:38"
"C:\Users\Wante\OneDrive\AI-social-manager\web\src\app\api\health","health","",,"23/09/2025 11:14:04"
"C:\Users\Wante\OneDrive\AI-social-manager\web\src\app\api\meta","meta","",,"23/09/2025 11:12:38"
"C:\Users\Wante\OneDrive\AI-social-manager\web\src\app\api\ping","ping","",,"23/09/2025 11:12:38"
"C:\Users\Wante\OneDrive\AI-social-manager\web\src\app\api\schedule","schedule","",,"23/09/2025 11:12:39"
"C:\Users\Wante\OneDrive\AI-social-manager\web\src\app\api\supabase","supabase","",,"23/09/2025 11:12:39"
"C:\Users\Wante\OneDrive\AI-social-manager\web\src\app\api\templates","templates","",,"23/09/2025 11:12:39"
"C:\Users\Wante\OneDrive\AI-social-manager\web\src\app\api\upload","upload","",,"23/09/2025 11:12:38"
"C:\Users\Wante\OneDrive\AI-social-manager\web\src\app\api\ai\brand-voice","brand-voice","",,"23/09/2025 11:12:38"
"C:\Users\Wante\OneDrive\AI-social-manager\web\src\app\api\ai\campaign-plan","campaign-plan","",,"23/09/2025 11:12:38"
"C:\Users\Wante\OneDrive\AI-social-manager\web\src\app\api\ai\generate","generate","",,"23/09/2025 11:12:38"
"C:\Users\Wante\OneDrive\AI-social-manager\web\src\app\api\ai\image","image","",,"23/09/2025 11:12:38"
"C:\Users\Wante\OneDrive\AI-social-manager\web\src\app\api\ai\brand-voice\route.ts","route.ts",".ts","2422","19/09/2025 10:48:56"
"C:\Users\Wante\OneDrive\AI-social-manager\web\src\app\api\ai\campaign-plan\route.ts","route.ts",".ts","3475","19/09/2025 0:15:51"
"C:\Users\Wante\OneDrive\AI-social-manager\web\src\app\api\ai\generate\route.ts","route.ts",".ts","980","16/09/2025 14:11:15"
"C:\Users\Wante\OneDrive\AI-social-manager\web\src\app\api\ai\image\route.ts","route.ts",".ts","2502","19/09/2025 12:25:05"
"C:\Users\Wante\OneDrive\AI-social-manager\web\src\app\api\cron\run-due","run-due","",,"23/09/2025 11:12:38"
"C:\Users\Wante\OneDrive\AI-social-manager\web\src\app\api\cron\run-due\route.ts","route.ts",".ts","1293","9/09/2025 14:25:18"
"C:\Users\Wante\OneDrive\AI-social-manager\web\src\app\api\debug\fb-token","fb-token","",,"23/09/2025 11:12:38"
"C:\Users\Wante\OneDrive\AI-social-manager\web\src\app\api\debug\fb-token\route.ts","route.ts",".ts","647","14/09/2025 11:12:46"
"C:\Users\Wante\OneDrive\AI-social-manager\web\src\app\api\fb\oauth","oauth","",,"23/09/2025 11:12:39"
"C:\Users\Wante\OneDrive\AI-social-manager\web\src\app\api\fb\post-text-now","post-text-now","",,"23/09/2025 11:12:38"
"C:\Users\Wante\OneDrive\AI-social-manager\web\src\app\api\fb\oauth\callback","callback","",,"23/09/2025 11:12:39"
"C:\Users\Wante\OneDrive\AI-social-manager\web\src\app\api\fb\oauth\start","start","",,"23/09/2025 11:12:39"
"C:\Users\Wante\OneDrive\AI-social-manager\web\src\app\api\fb\oauth\callback\route.ts","route.ts",".ts","1154","18/09/2025 19:04:51"
"C:\Users\Wante\OneDrive\AI-social-manager\web\src\app\api\fb\oauth\start\route.ts","route.ts",".ts","591","14/09/2025 11:39:38"
"C:\Users\Wante\OneDrive\AI-social-manager\web\src\app\api\fb\post-text-now\route.ts","route.ts",".ts","1415","17/09/2025 19:25:14"
"C:\Users\Wante\OneDrive\AI-social-manager\web\src\app\api\health\route.ts","route.ts",".ts","147","23/09/2025 11:12:53"
"C:\Users\Wante\OneDrive\AI-social-manager\web\src\app\api\meta\auth","auth","",,"23/09/2025 11:12:38"
"C:\Users\Wante\OneDrive\AI-social-manager\web\src\app\api\meta\debug","debug","",,"23/09/2025 11:12:38"
"C:\Users\Wante\OneDrive\AI-social-manager\web\src\app\api\meta\env_safe","env_safe","",,"23/09/2025 11:12:38"
"C:\Users\Wante\OneDrive\AI-social-manager\web\src\app\api\meta\fb_post_photo","fb_post_photo","",,"23/09/2025 11:12:38"
"C:\Users\Wante\OneDrive\AI-social-manager\web\src\app\api\meta\ig_account","ig_account","",,"23/09/2025 11:12:38"
"C:\Users\Wante\OneDrive\AI-social-manager\web\src\app\api\meta\ig_link","ig_link","",,"23/09/2025 11:12:38"
"C:\Users\Wante\OneDrive\AI-social-manager\web\src\app\api\meta\ig_post_photo","ig_post_photo","",,"23/09/2025 11:12:38"
"C:\Users\Wante\OneDrive\AI-social-manager\web\src\app\api\meta\pages","pages","",,"23/09/2025 11:12:39"
"C:\Users\Wante\OneDrive\AI-social-manager\web\src\app\api\meta\pages_alt","pages_alt","",,"23/09/2025 11:12:39"
"C:\Users\Wante\OneDrive\AI-social-manager\web\src\app\api\meta\pages_ids","pages_ids","",,"23/09/2025 11:12:39"
"C:\Users\Wante\OneDrive\AI-social-manager\web\src\app\api\meta\page_info","page_info","",,"23/09/2025 11:12:39"
"C:\Users\Wante\OneDrive\AI-social-manager\web\src\app\api\meta\page_info_first","page_info_first","",,"23/09/2025 11:12:39"
"C:\Users\Wante\OneDrive\AI-social-manager\web\src\app\api\meta\page_token","page_token","",,"23/09/2025 11:12:39"
"C:\Users\Wante\OneDrive\AI-social-manager\web\src\app\api\meta\post_text","post_text","",,"23/09/2025 11:12:39"
"C:\Users\Wante\OneDrive\AI-social-manager\web\src\app\api\meta\save_page_token","save_page_token","",,"23/09/2025 11:12:39"
"C:\Users\Wante\OneDrive\AI-social-manager\web\src\app\api\meta\_tokens.ts","_tokens.ts",".ts","743","7/09/2025 15:30:28"
"C:\Users\Wante\OneDrive\AI-social-manager\web\src\app\api\meta\auth\route.ts","route.ts",".ts","397","4/09/2025 12:23:36"
"C:\Users\Wante\OneDrive\AI-social-manager\web\src\app\api\meta\debug\route.ts","route.ts",".ts","872","3/09/2025 13:10:36"
"C:\Users\Wante\OneDrive\AI-social-manager\web\src\app\api\meta\env_safe\route.ts","route.ts",".ts","296","3/09/2025 22:45:10"
"C:\Users\Wante\OneDrive\AI-social-manager\web\src\app\api\meta\fb_post_photo\route.ts","route.ts",".ts","3144","7/09/2025 15:47:06"
"C:\Users\Wante\OneDrive\AI-social-manager\web\src\app\api\meta\ig_account\route.ts","route.ts",".ts","1611","5/09/2025 12:23:33"
"C:\Users\Wante\OneDrive\AI-social-manager\web\src\app\api\meta\ig_link\route.ts","route.ts",".ts","3171","3/09/2025 21:09:53"
"C:\Users\Wante\OneDrive\AI-social-manager\web\src\app\api\meta\ig_post_photo\route.ts","route.ts",".ts","3602","7/09/2025 17:01:57"
"C:\Users\Wante\OneDrive\AI-social-manager\web\src\app\api\meta\pages\route.ts","route.ts",".ts","4036","4/09/2025 12:31:11"
"C:\Users\Wante\OneDrive\AI-social-manager\web\src\app\api\meta\pages_alt\route.ts","route.ts",".ts","1744","3/09/2025 15:09:55"
"C:\Users\Wante\OneDrive\AI-social-manager\web\src\app\api\meta\pages_ids\route.ts","route.ts",".ts","1730","3/09/2025 23:26:51"
"C:\Users\Wante\OneDrive\AI-social-manager\web\src\app\api\meta\page_info\route.ts","route.ts",".ts","935","3/09/2025 15:27:53"
"C:\Users\Wante\OneDrive\AI-social-manager\web\src\app\api\meta\page_info_first\route.ts","route.ts",".ts","1695","3/09/2025 20:31:55"
"C:\Users\Wante\OneDrive\AI-social-manager\web\src\app\api\meta\page_token\route.ts","route.ts",".ts","1903","14/09/2025 12:28:11"
"C:\Users\Wante\OneDrive\AI-social-manager\web\src\app\api\meta\post_text\route.ts","route.ts",".ts","3237","14/09/2025 13:09:30"
"C:\Users\Wante\OneDrive\AI-social-manager\web\src\app\api\meta\save_page_token\route.ts","route.ts",".ts","1665","7/09/2025 15:32:05"
"C:\Users\Wante\OneDrive\AI-social-manager\web\src\app\api\ping\route.ts","route.ts",".ts","593","16/09/2025 14:49:19"
"C:\Users\Wante\OneDrive\AI-social-manager\web\src\app\api\schedule\create","create","",,"23/09/2025 11:12:39"
"C:\Users\Wante\OneDrive\AI-social-manager\web\src\app\api\schedule\cron","cron","",,"23/09/2025 11:12:39"
"C:\Users\Wante\OneDrive\AI-social-manager\web\src\app\api\schedule\debug","debug","",,"23/09/2025 11:12:39"
"C:\Users\Wante\OneDrive\AI-social-manager\web\src\app\api\schedule\delete","delete","",,"23/09/2025 11:12:39"
"C:\Users\Wante\OneDrive\AI-social-manager\web\src\app\api\schedule\dispatch-due","dispatch-due","",,"23/09/2025 11:12:39"
"C:\Users\Wante\OneDrive\AI-social-manager\web\src\app\api\schedule\due","due","",,"23/09/2025 11:12:39"
"C:\Users\Wante\OneDrive\AI-social-manager\web\src\app\api\schedule\force","force","",,"23/09/2025 11:12:39"
"C:\Users\Wante\OneDrive\AI-social-manager\web\src\app\api\schedule\ical","ical","",,"23/09/2025 11:12:39"
"C:\Users\Wante\OneDrive\AI-social-manager\web\src\app\api\schedule\list","list","",,"23/09/2025 11:12:39"
"C:\Users\Wante\OneDrive\AI-social-manager\web\src\app\api\schedule\mark","mark","",,"23/09/2025 11:12:39"
"C:\Users\Wante\OneDrive\AI-social-manager\web\src\app\api\schedule\reschedule","reschedule","",,"23/09/2025 11:12:39"
"C:\Users\Wante\OneDrive\AI-social-manager\web\src\app\api\schedule\retry_failed","retry_failed","",,"23/09/2025 11:12:39"
"C:\Users\Wante\OneDrive\AI-social-manager\web\src\app\api\schedule\retry_now","retry_now","",,"23/09/2025 11:12:39"
"C:\Users\Wante\OneDrive\AI-social-manager\web\src\app\api\schedule\run","run","",,"23/09/2025 11:12:39"
"C:\Users\Wante\OneDrive\AI-social-manager\web\src\app\api\schedule\run-Force","run-Force","",,"23/09/2025 11:12:39"
"C:\Users\Wante\OneDrive\AI-social-manager\web\src\app\api\schedule\run_due","run_due","",,"23/09/2025 11:12:39"
"C:\Users\Wante\OneDrive\AI-social-manager\web\src\app\api\schedule\_store.ts","_store.ts",".ts","2326","14/09/2025 18:34:01"
"C:\Users\Wante\OneDrive\AI-social-manager\web\src\app\api\schedule\create\route.ts","route.ts",".ts","1155","16/09/2025 14:50:01"
"C:\Users\Wante\OneDrive\AI-social-manager\web\src\app\api\schedule\cron\route.ts","route.ts",".ts","1728","7/09/2025 13:40:24"
"C:\Users\Wante\OneDrive\AI-social-manager\web\src\app\api\schedule\debug\route.ts","route.ts",".ts","538","16/09/2025 14:49:35"
"C:\Users\Wante\OneDrive\AI-social-manager\web\src\app\api\schedule\delete\route.ts","route.ts",".ts","815","16/09/2025 14:17:52"
"C:\Users\Wante\OneDrive\AI-social-manager\web\src\app\api\schedule\dispatch-due\route.ts","route.ts",".ts","1916","17/09/2025 19:13:13"
"C:\Users\Wante\OneDrive\AI-social-manager\web\src\app\api\schedule\due\route.ts","route.ts",".ts","435","5/09/2025 14:51:18"
"C:\Users\Wante\OneDrive\AI-social-manager\web\src\app\api\schedule\force\route.ts","route.ts",".ts","983","17/09/2025 19:13:36"
"C:\Users\Wante\OneDrive\AI-social-manager\web\src\app\api\schedule\ical\route.ts","route.ts",".ts","1947","5/09/2025 19:38:20"
"C:\Users\Wante\OneDrive\AI-social-manager\web\src\app\api\schedule\list\route.ts","route.ts",".ts","454","20/09/2025 13:25:25"
"C:\Users\Wante\OneDrive\AI-social-manager\web\src\app\api\schedule\mark\route.ts","route.ts",".ts","650","5/09/2025 14:44:28"
"C:\Users\Wante\OneDrive\AI-social-manager\web\src\app\api\schedule\reschedule\route.ts","route.ts",".ts","966","5/09/2025 19:33:26"
"C:\Users\Wante\OneDrive\AI-social-manager\web\src\app\api\schedule\retry_failed\route.ts","route.ts",".ts","781","5/09/2025 19:59:13"
"C:\Users\Wante\OneDrive\AI-social-manager\web\src\app\api\schedule\retry_now\route.ts","route.ts",".ts","1088","5/09/2025 19:58:40"
"C:\Users\Wante\OneDrive\AI-social-manager\web\src\app\api\schedule\run\route.ts","route.ts",".ts","5646","9/09/2025 14:28:00"
"C:\Users\Wante\OneDrive\AI-social-manager\web\src\app\api\schedule\run_due\route.ts","route.ts",".ts","887","9/09/2025 14:21:03"
"C:\Users\Wante\OneDrive\AI-social-manager\web\src\app\api\supabase\diag","diag","",,"23/09/2025 11:12:39"
"C:\Users\Wante\OneDrive\AI-social-manager\web\src\app\api\supabase\diag\route.ts","route.ts",".ts","882","5/09/2025 22:24:18"
"C:\Users\Wante\OneDrive\AI-social-manager\web\src\app\api\templates\delete","delete","",,"23/09/2025 11:12:39"
"C:\Users\Wante\OneDrive\AI-social-manager\web\src\app\api\templates\list","list","",,"23/09/2025 11:12:39"
"C:\Users\Wante\OneDrive\AI-social-manager\web\src\app\api\templates\upsert","upsert","",,"23/09/2025 11:12:39"
"C:\Users\Wante\OneDrive\AI-social-manager\web\src\app\api\templates\_store.ts","_store.ts",".ts","5895","5/09/2025 16:19:43"
"C:\Users\Wante\OneDrive\AI-social-manager\web\src\app\api\templates\delete\route.ts","route.ts",".ts","569","5/09/2025 16:41:05"
"C:\Users\Wante\OneDrive\AI-social-manager\web\src\app\api\templates\list\route.ts","route.ts",".ts","735","5/09/2025 16:23:57"
"C:\Users\Wante\OneDrive\AI-social-manager\web\src\app\api\templates\upsert\route.ts","route.ts",".ts","502","5/09/2025 16:40:40"
"C:\Users\Wante\OneDrive\AI-social-manager\web\src\app\api\upload\route.ts","route.ts",".ts","1160","16/09/2025 14:10:32"
"C:\Users\Wante\OneDrive\AI-social-manager\web\src\app\app\brand-voice","brand-voice","",,"23/09/2025 11:12:38"
"C:\Users\Wante\OneDrive\AI-social-manager\web\src\app\app\calendar","calendar","",,"23/09/2025 11:12:38"
"C:\Users\Wante\OneDrive\AI-social-manager\web\src\app\app\components","components","",,"23/09/2025 11:12:38"
"C:\Users\Wante\OneDrive\AI-social-manager\web\src\app\app\connect","connect","",,"23/09/2025 11:12:38"
"C:\Users\Wante\OneDrive\AI-social-manager\web\src\app\app\home","home","",,"23/09/2025 11:12:38"
"C:\Users\Wante\OneDrive\AI-social-manager\web\src\app\app\ig-test","ig-test","",,"23/09/2025 11:12:38"
"C:\Users\Wante\OneDrive\AI-social-manager\web\src\app\app\offer-visual","offer-visual","",,"23/09/2025 11:12:38"
"C:\Users\Wante\OneDrive\AI-social-manager\web\src\app\app\packs","packs","",,"23/09/2025 11:12:39"
"C:\Users\Wante\OneDrive\AI-social-manager\web\src\app\app\planner","planner","",,"23/09/2025 11:12:38"
"C:\Users\Wante\OneDrive\AI-social-manager\web\src\app\app\publishing","publishing","",,"23/09/2025 11:12:38"
"C:\Users\Wante\OneDrive\AI-social-manager\web\src\app\app\scheduler","scheduler","",,"23/09/2025 11:12:38"
"C:\Users\Wante\OneDrive\AI-social-manager\web\src\app\app\settings","settings","",,"23/09/2025 11:12:38"
"C:\Users\Wante\OneDrive\AI-social-manager\web\src\app\app\style-blackgold","style-blackgold","",,"23/09/2025 11:12:38"
"C:\Users\Wante\OneDrive\AI-social-manager\web\src\app\app\style-demo","style-demo","",,"23/09/2025 11:12:38"
"C:\Users\Wante\OneDrive\AI-social-manager\web\src\app\app\templates","templates","",,"23/09/2025 11:12:38"
"C:\Users\Wante\OneDrive\AI-social-manager\web\src\app\app\config.ts","config.ts",".ts","2183","20/09/2025 11:43:00"
"C:\Users\Wante\OneDrive\AI-social-manager\web\src\app\app\globals.bak.css","globals.bak.css",".css","1263","20/09/2025 11:02:49"
"C:\Users\Wante\OneDrive\AI-social-manager\web\src\app\app\globals.css","globals.css",".css","211","20/09/2025 12:57:57"
"C:\Users\Wante\OneDrive\AI-social-manager\web\src\app\app\layout.backup.tsx.tsx","layout.backup.tsx.tsx",".tsx","3390","9/09/2025 9:31:23"
"C:\Users\Wante\OneDrive\AI-social-manager\web\src\app\app\layout.tsx","layout.tsx",".tsx","665","20/09/2025 13:21:44"
"C:\Users\Wante\OneDrive\AI-social-manager\web\src\app\app\layout.tsx.tsx","layout.tsx.tsx",".tsx","3390","9/09/2025 9:31:23"
"C:\Users\Wante\OneDrive\AI-social-manager\web\src\app\app\layout_old.tsx","layout_old.tsx",".tsx","2389","8/09/2025 21:19:33"
"C:\Users\Wante\OneDrive\AI-social-manager\web\src\app\app\page.tsx","page.tsx",".tsx","106","20/09/2025 13:02:38"
"C:\Users\Wante\OneDrive\AI-social-manager\web\src\app\app\brand-voice\page.tsx","page.tsx",".tsx","14793","20/09/2025 13:12:31"
"C:\Users\Wante\OneDrive\AI-social-manager\web\src\app\app\calendar\page.tsx","page.tsx",".tsx","12781","9/09/2025 11:28:48"
"C:\Users\Wante\OneDrive\AI-social-manager\web\src\app\app\components\AppSidebar.tsx","AppSidebar.tsx",".tsx","2806","19/09/2025 13:58:01"
"C:\Users\Wante\OneDrive\AI-social-manager\web\src\app\app\components\AppTopbar.tsx","AppTopbar.tsx",".tsx","1837","20/09/2025 13:01:11"
"C:\Users\Wante\OneDrive\AI-social-manager\web\src\app\app\components\ComingSoon.tsx","ComingSoon.tsx",".tsx","2028","19/09/2025 13:59:34"
"C:\Users\Wante\OneDrive\AI-social-manager\web\src\app\app\components\PageShell.tsx","PageShell.tsx",".tsx","460","20/09/2025 12:59:03"
"C:\Users\Wante\OneDrive\AI-social-manager\web\src\app\app\components\ui.tsx","ui.tsx",".tsx","668","20/09/2025 13:00:31"
"C:\Users\Wante\OneDrive\AI-social-manager\web\src\app\app\connect\page.tsx.txt","page.tsx.txt",".txt","1991","5/09/2025 12:26:57"
"C:\Users\Wante\OneDrive\AI-social-manager\web\src\app\app\connect\PagesLoader.tsx","PagesLoader.tsx",".tsx","2925","3/09/2025 12:26:12"
"C:\Users\Wante\OneDrive\AI-social-manager\web\src\app\app\home\page.tsx","page.tsx",".tsx","2204","20/09/2025 13:02:00"
"C:\Users\Wante\OneDrive\AI-social-manager\web\src\app\app\ig-test\page.tsx","page.tsx",".tsx","4991","5/09/2025 12:47:44"
"C:\Users\Wante\OneDrive\AI-social-manager\web\src\app\app\ig-test\page.tsx.txt","page.tsx.txt",".txt","4850","5/09/2025 12:34:12"
"C:\Users\Wante\OneDrive\AI-social-manager\web\src\app\app\offer-visual\page.tsx","page.tsx",".tsx","14791","20/09/2025 13:13:54"
"C:\Users\Wante\OneDrive\AI-social-manager\web\src\app\app\packs\page.tsx","page.tsx",".tsx",,"23/09/2025 11:12:39"
"C:\Users\Wante\OneDrive\AI-social-manager\web\src\app\app\packs\page.tsx\page_packs_edit.tsx","page_packs_edit.tsx",".tsx",,"23/09/2025 11:12:39"
"C:\Users\Wante\OneDrive\AI-social-manager\web\src\app\app\packs\page.tsx\page_packs.tsx","page_packs.tsx",".tsx","6727","10/09/2025 12:17:40"
"C:\Users\Wante\OneDrive\AI-social-manager\web\src\app\app\publishing\page.tsx","page.tsx",".tsx","1974","20/09/2025 13:14:32"
"C:\Users\Wante\OneDrive\AI-social-manager\web\src\app\app\scheduler\page.tsx","page.tsx",".tsx","125","9/09/2025 13:16:04"
"C:\Users\Wante\OneDrive\AI-social-manager\web\src\app\app\settings\HashtagBundles.tsx","HashtagBundles.tsx",".tsx","4907","9/09/2025 15:54:21"
"C:\Users\Wante\OneDrive\AI-social-manager\web\src\app\app\settings\page.tsx","page.tsx",".tsx","5765","20/09/2025 13:15:00"
"C:\Users\Wante\OneDrive\AI-social-manager\web\src\app\app\style-blackgold\page.tsx","page.tsx",".tsx","9160","19/09/2025 13:50:20"
"C:\Users\Wante\OneDrive\AI-social-manager\web\src\app\app\style-demo\page.tsx","page.tsx",".tsx","8089","19/09/2025 13:44:06"
"C:\Users\Wante\OneDrive\AI-social-manager\web\src\app\app\templates\page.tsx","page.tsx",".tsx","8657","5/09/2025 16:46:28"
"C:\Users\Wante\OneDrive\AI-social-manager\web\src\app\components\CreditsWidget.tsx","CreditsWidget.tsx",".tsx",,"23/09/2025 11:12:38"
"C:\Users\Wante\OneDrive\AI-social-manager\web\src\app\components\WalletBadge.tsx","WalletBadge.tsx",".tsx","3952","10/09/2025 19:28:58"
"C:\Users\Wante\OneDrive\AI-social-manager\web\src\app\connect\debug","debug","",,"23/09/2025 11:12:38"
"C:\Users\Wante\OneDrive\AI-social-manager\web\src\app\connect\page.tsx.txt","page.tsx.txt",".txt","2864","5/09/2025 11:48:41"
"C:\Users\Wante\OneDrive\AI-social-manager\web\src\app\connect\debug\page.tsx","page.tsx",".tsx","1125","14/09/2025 11:31:08"
"C:\Users\Wante\OneDrive\AI-social-manager\web\src\app\packs\page.tsx_test","page.tsx_test",".tsx_test",,"23/09/2025 11:12:38"
"C:\Users\Wante\OneDrive\AI-social-manager\web\src\app\packs\page.tsx","page.tsx",".tsx","8338","10/09/2025 20:09:46"
"C:\Users\Wante\OneDrive\AI-social-manager\web\src\app\packs\page.tsx_test\page.tsx","page.tsx",".tsx","6147","10/09/2025 18:45:11"
"C:\Users\Wante\OneDrive\AI-social-manager\web\src\app\packs\page.tsx_test\page_packs.tsx","page_packs.tsx",".tsx","6727","10/09/2025 12:17:40"
"C:\Users\Wante\OneDrive\AI-social-manager\web\src\app\planner\PlannerImageTool.tsx","PlannerImageTool.tsx",".tsx","4437","9/09/2025 20:33:15"
"C:\Users\Wante\OneDrive\AI-social-manager\web\src\app\team\page.tsx","page.tsx",".tsx","5726","10/09/2025 22:12:45"
"C:\Users\Wante\OneDrive\AI-social-manager\web\src\app\z-check\page.tsx","page.tsx",".tsx","117","23/09/2025 12:43:07"
"C:\Users\Wante\OneDrive\AI-social-manager\web\src\components\AppNav.tsx","AppNav.tsx",".tsx",,"23/09/2025 11:12:38"
"C:\Users\Wante\OneDrive\AI-social-manager\web\src\components\ImageGenerator.tsx","ImageGenerator.tsx",".tsx","4122","9/09/2025 20:21:48"
"C:\Users\Wante\OneDrive\AI-social-manager\web\src\lib\auth.ts","auth.ts",".ts","1153","5/09/2025 11:11:19"
"C:\Users\Wante\OneDrive\AI-social-manager\web\src\lib\taskStore.ts","taskStore.ts",".ts","1792","20/09/2025 13:24:35"
"C:\Users\Wante\OneDrive\AI-social-manager\web\src.__now_20250923_104925\app","app","",,"22/09/2025 16:17:11"
"C:\Users\Wante\OneDrive\AI-social-manager\web\src.__now_20250923_104925\components","components","",,"22/09/2025 16:37:47"
"C:\Users\Wante\OneDrive\AI-social-manager\web\src.__now_20250923_104925\lib","lib","",,"22/09/2025 16:13:09"
"C:\Users\Wante\OneDrive\AI-social-manager\web\src.__now_20250923_104925\types","types","",,"21/09/2025 18:05:01"
"C:\Users\Wante\OneDrive\AI-social-manager\web\src.__now_20250923_104925\app\ai","ai","",,"20/09/2025 14:53:40"
"C:\Users\Wante\OneDrive\AI-social-manager\web\src.__now_20250923_104925\app\api","api","",,"20/09/2025 14:58:14"
"C:\Users\Wante\OneDrive\AI-social-manager\web\src.__now_20250923_104925\app\app","app","",,"20/09/2025 18:12:48"
"C:\Users\Wante\OneDrive\AI-social-manager\web\src.__now_20250923_104925\app\brand-voice","brand-voice","",,"21/09/2025 17:59:21"
"C:\Users\Wante\OneDrive\AI-social-manager\web\src.__now_20250923_104925\app\components","components","",,"21/09/2025 11:39:13"
"C:\Users\Wante\OneDrive\AI-social-manager\web\src.__now_20250923_104925\app\connect","connect","",,"20/09/2025 14:58:14"
"C:\Users\Wante\OneDrive\AI-social-manager\web\src.__now_20250923_104925\app\design-aurum","design-aurum","",,"21/09/2025 18:05:02"
"C:\Users\Wante\OneDrive\AI-social-manager\web\src.__now_20250923_104925\app\design-demo","design-demo","",,"21/09/2025 18:03:57"
"C:\Users\Wante\OneDrive\AI-social-manager\web\src.__now_20250923_104925\app\design-elysium","design-elysium","",,"21/09/2025 18:05:02"
"C:\Users\Wante\OneDrive\AI-social-manager\web\src.__now_20250923_104925\app\offer-visual","offer-visual","",,"21/09/2025 17:59:21"
"C:\Users\Wante\OneDrive\AI-social-manager\web\src.__now_20250923_104925\app\onboarding","onboarding","",,"22/09/2025 16:26:46"
"C:\Users\Wante\OneDrive\AI-social-manager\web\src.__now_20250923_104925\app\packs","packs","",,"20/09/2025 14:58:14"
"C:\Users\Wante\OneDrive\AI-social-manager\web\src.__now_20250923_104925\app\planner","planner","",,"20/09/2025 14:58:14"
"C:\Users\Wante\OneDrive\AI-social-manager\web\src.__now_20250923_104925\app\publishing","publishing","",,"21/09/2025 17:59:21"
"C:\Users\Wante\OneDrive\AI-social-manager\web\src.__now_20250923_104925\app\settings","settings","",,"21/09/2025 17:59:21"
"C:\Users\Wante\OneDrive\AI-social-manager\web\src.__now_20250923_104925\app\team","team","",,"20/09/2025 14:58:14"
"C:\Users\Wante\OneDrive\AI-social-manager\web\src.__now_20250923_104925\app\favicon.ico","favicon.ico",".ico","25931","2/09/2025 14:03:47"
"C:\Users\Wante\OneDrive\AI-social-manager\web\src.__now_20250923_104925\app\globals-DESKTOP-UUU921T.css","globals-DESKTOP-UUU921T.css",".css","234","20/09/2025 14:25:40"
"C:\Users\Wante\OneDrive\AI-social-manager\web\src.__now_20250923_104925\app\globals.css","globals.css",".css","6176","21/09/2025 9:54:49"
"C:\Users\Wante\OneDrive\AI-social-manager\web\src.__now_20250923_104925\app\layout.tsx","layout.tsx",".tsx","291","21/09/2025 9:24:00"
"C:\Users\Wante\OneDrive\AI-social-manager\web\src.__now_20250923_104925\app\page.tsx","page.tsx",".tsx","3107","22/09/2025 17:24:32"
"C:\Users\Wante\OneDrive\AI-social-manager\web\src.__now_20250923_104925\app\providers.tsx","providers.tsx",".tsx","246","10/09/2025 19:24:15"
"C:\Users\Wante\OneDrive\AI-social-manager\web\src.__now_20250923_104925\app\theme-gold.css","theme-gold.css",".css","1740","20/09/2025 17:53:04"
"C:\Users\Wante\OneDrive\AI-social-manager\web\src.__now_20250923_104925\app\theme-init.tsx","theme-init.tsx",".tsx","851","9/09/2025 15:04:17"
"C:\Users\Wante\OneDrive\AI-social-manager\web\src.__now_20250923_104925\app\ai\brand-voice","brand-voice","",,"20/09/2025 14:53:40"
"C:\Users\Wante\OneDrive\AI-social-manager\web\src.__now_20250923_104925\app\api\ai","ai","",,"22/09/2025 19:14:19"
"C:\Users\Wante\OneDrive\AI-social-manager\web\src.__now_20250923_104925\app\api\auth","auth","",,"20/09/2025 14:58:13"
"C:\Users\Wante\OneDrive\AI-social-manager\web\src.__now_20250923_104925\app\api\cron","cron","",,"20/09/2025 14:58:13"
"C:\Users\Wante\OneDrive\AI-social-manager\web\src.__now_20250923_104925\app\api\debug","debug","",,"20/09/2025 14:58:13"
"C:\Users\Wante\OneDrive\AI-social-manager\web\src.__now_20250923_104925\app\api\fb","fb","",,"20/09/2025 14:58:13"
"C:\Users\Wante\OneDrive\AI-social-manager\web\src.__now_20250923_104925\app\api\meta","meta","",,"20/09/2025 14:58:14"
"C:\Users\Wante\OneDrive\AI-social-manager\web\src.__now_20250923_104925\app\api\ping","ping","",,"20/09/2025 14:58:14"
"C:\Users\Wante\OneDrive\AI-social-manager\web\src.__now_20250923_104925\app\api\schedule","schedule","",,"20/09/2025 14:58:14"
"C:\Users\Wante\OneDrive\AI-social-manager\web\src.__now_20250923_104925\app\api\schedule._disabled","schedule._disabled","._disabled",,"20/09/2025 14:58:13"
"C:\Users\Wante\OneDrive\AI-social-manager\web\src.__now_20250923_104925\app\api\supabase","supabase","",,"20/09/2025 14:58:14"
"C:\Users\Wante\OneDrive\AI-social-manager\web\src.__now_20250923_104925\app\api\templates","templates","",,"20/09/2025 14:58:14"
"C:\Users\Wante\OneDrive\AI-social-manager\web\src.__now_20250923_104925\app\api\upload","upload","",,"20/09/2025 14:58:14"
"C:\Users\Wante\OneDrive\AI-social-manager\web\src.__now_20250923_104925\app\api\ai\brand-voice","brand-voice","",,"20/09/2025 14:58:13"
"C:\Users\Wante\OneDrive\AI-social-manager\web\src.__now_20250923_104925\app\api\ai\campaign-plan","campaign-plan","",,"20/09/2025 14:58:13"
"C:\Users\Wante\OneDrive\AI-social-manager\web\src.__now_20250923_104925\app\api\ai\generate","generate","",,"20/09/2025 14:58:13"
"C:\Users\Wante\OneDrive\AI-social-manager\web\src.__now_20250923_104925\app\api\ai\image","image","",,"20/09/2025 14:58:13"
"C:\Users\Wante\OneDrive\AI-social-manager\web\src.__now_20250923_104925\app\api\ai\visual","visual","",,"22/09/2025 19:14:37"
"C:\Users\Wante\OneDrive\AI-social-manager\web\src.__now_20250923_104925\app\api\ai\brand-voice\route.ts","route.ts",".ts","2422","19/09/2025 10:48:56"
"C:\Users\Wante\OneDrive\AI-social-manager\web\src.__now_20250923_104925\app\api\ai\campaign-plan\route.ts","route.ts",".ts","3475","19/09/2025 0:15:51"
"C:\Users\Wante\OneDrive\AI-social-manager\web\src.__now_20250923_104925\app\api\ai\generate\route.ts","route.ts",".ts","980","16/09/2025 14:11:15"
"C:\Users\Wante\OneDrive\AI-social-manager\web\src.__now_20250923_104925\app\api\ai\image\route.ts","route.ts",".ts","2502","19/09/2025 12:25:05"
"C:\Users\Wante\OneDrive\AI-social-manager\web\src.__now_20250923_104925\app\api\ai\visual\route.ts","route.ts",".ts",,"22/09/2025 19:28:50"
"C:\Users\Wante\OneDrive\AI-social-manager\web\src.__now_20250923_104925\app\api\ai\visual\route.ts\route.ts","route.ts",".ts","469","23/09/2025 9:08:31"
"C:\Users\Wante\OneDrive\AI-social-manager\web\src.__now_20250923_104925\app\api\cron\run-due","run-due","",,"20/09/2025 14:58:13"
"C:\Users\Wante\OneDrive\AI-social-manager\web\src.__now_20250923_104925\app\api\cron\run-due\route.ts","route.ts",".ts","1293","9/09/2025 14:25:18"
"C:\Users\Wante\OneDrive\AI-social-manager\web\src.__now_20250923_104925\app\api\debug\fb-token","fb-token","",,"20/09/2025 14:58:13"
"C:\Users\Wante\OneDrive\AI-social-manager\web\src.__now_20250923_104925\app\api\debug\fb-token\route.ts","route.ts",".ts","647","14/09/2025 11:12:46"
"C:\Users\Wante\OneDrive\AI-social-manager\web\src.__now_20250923_104925\app\api\fb\oauth","oauth","",,"20/09/2025 14:58:13"
"C:\Users\Wante\OneDrive\AI-social-manager\web\src.__now_20250923_104925\app\api\fb\post-text-now","post-text-now","",,"20/09/2025 14:58:13"
"C:\Users\Wante\OneDrive\AI-social-manager\web\src.__now_20250923_104925\app\api\fb\oauth\callback","callback","",,"20/09/2025 14:58:13"
"C:\Users\Wante\OneDrive\AI-social-manager\web\src.__now_20250923_104925\app\api\fb\oauth\start","start","",,"20/09/2025 14:58:13"
"C:\Users\Wante\OneDrive\AI-social-manager\web\src.__now_20250923_104925\app\api\fb\oauth\callback\route.ts","route.ts",".ts","1154","18/09/2025 19:04:51"
"C:\Users\Wante\OneDrive\AI-social-manager\web\src.__now_20250923_104925\app\api\fb\oauth\start\route.ts","route.ts",".ts","591","14/09/2025 11:39:38"
"C:\Users\Wante\OneDrive\AI-social-manager\web\src.__now_20250923_104925\app\api\fb\post-text-now\route.ts","route.ts",".ts","1415","17/09/2025 19:25:14"
"C:\Users\Wante\OneDrive\AI-social-manager\web\src.__now_20250923_104925\app\api\meta\auth","auth","",,"20/09/2025 14:58:13"
"C:\Users\Wante\OneDrive\AI-social-manager\web\src.__now_20250923_104925\app\api\meta\debug","debug","",,"20/09/2025 14:58:13"
"C:\Users\Wante\OneDrive\AI-social-manager\web\src.__now_20250923_104925\app\api\meta\env_safe","env_safe","",,"20/09/2025 14:58:13"
"C:\Users\Wante\OneDrive\AI-social-manager\web\src.__now_20250923_104925\app\api\meta\fb_post_photo","fb_post_photo","",,"20/09/2025 14:58:13"
"C:\Users\Wante\OneDrive\AI-social-manager\web\src.__now_20250923_104925\app\api\meta\ig_account","ig_account","",,"20/09/2025 14:58:13"
"C:\Users\Wante\OneDrive\AI-social-manager\web\src.__now_20250923_104925\app\api\meta\ig_link","ig_link","",,"20/09/2025 14:58:13"
"C:\Users\Wante\OneDrive\AI-social-manager\web\src.__now_20250923_104925\app\api\meta\ig_post_photo","ig_post_photo","",,"20/09/2025 14:58:13"
"C:\Users\Wante\OneDrive\AI-social-manager\web\src.__now_20250923_104925\app\api\meta\pages","pages","",,"20/09/2025 14:58:14"
"C:\Users\Wante\OneDrive\AI-social-manager\web\src.__now_20250923_104925\app\api\meta\pages_alt","pages_alt","",,"20/09/2025 14:58:14"
"C:\Users\Wante\OneDrive\AI-social-manager\web\src.__now_20250923_104925\app\api\meta\pages_ids","pages_ids","",,"20/09/2025 14:58:14"
"C:\Users\Wante\OneDrive\AI-social-manager\web\src.__now_20250923_104925\app\api\meta\page_info","page_info","",,"20/09/2025 14:58:13"
"C:\Users\Wante\OneDrive\AI-social-manager\web\src.__now_20250923_104925\app\api\meta\page_info_first","page_info_first","",,"20/09/2025 14:58:14"
"C:\Users\Wante\OneDrive\AI-social-manager\web\src.__now_20250923_104925\app\api\meta\page_token","page_token","",,"20/09/2025 14:58:14"
"C:\Users\Wante\OneDrive\AI-social-manager\web\src.__now_20250923_104925\app\api\meta\post_text","post_text","",,"20/09/2025 14:58:14"
"C:\Users\Wante\OneDrive\AI-social-manager\web\src.__now_20250923_104925\app\api\meta\save_page_token","save_page_token","",,"20/09/2025 14:58:14"
"C:\Users\Wante\OneDrive\AI-social-manager\web\src.__now_20250923_104925\app\api\meta\_tokens.ts","_tokens.ts",".ts","743","7/09/2025 15:30:28"
"C:\Users\Wante\OneDrive\AI-social-manager\web\src.__now_20250923_104925\app\api\meta\auth\route.ts","route.ts",".ts","397","4/09/2025 12:23:36"
"C:\Users\Wante\OneDrive\AI-social-manager\web\src.__now_20250923_104925\app\api\meta\debug\route.ts","route.ts",".ts","872","3/09/2025 13:10:36"
"C:\Users\Wante\OneDrive\AI-social-manager\web\src.__now_20250923_104925\app\api\meta\env_safe\route.ts","route.ts",".ts","296","3/09/2025 22:45:10"
"C:\Users\Wante\OneDrive\AI-social-manager\web\src.__now_20250923_104925\app\api\meta\fb_post_photo\route.ts","route.ts",".ts","3144","7/09/2025 15:47:06"
"C:\Users\Wante\OneDrive\AI-social-manager\web\src.__now_20250923_104925\app\api\meta\ig_account\route.ts","route.ts",".ts","1611","5/09/2025 12:23:33"
"C:\Users\Wante\OneDrive\AI-social-manager\web\src.__now_20250923_104925\app\api\meta\ig_link\route.ts","route.ts",".ts","3171","3/09/2025 21:09:53"
"C:\Users\Wante\OneDrive\AI-social-manager\web\src.__now_20250923_104925\app\api\meta\ig_post_photo\route.ts","route.ts",".ts","3602","7/09/2025 17:01:57"
"C:\Users\Wante\OneDrive\AI-social-manager\web\src.__now_20250923_104925\app\api\meta\pages\route.ts","route.ts",".ts","4036","4/09/2025 12:31:11"
"C:\Users\Wante\OneDrive\AI-social-manager\web\src.__now_20250923_104925\app\api\meta\pages_alt\route.ts","route.ts",".ts","1744","3/09/2025 15:09:55"
"C:\Users\Wante\OneDrive\AI-social-manager\web\src.__now_20250923_104925\app\api\meta\pages_ids\route.ts","route.ts",".ts","1730","3/09/2025 23:26:51"
"C:\Users\Wante\OneDrive\AI-social-manager\web\src.__now_20250923_104925\app\api\meta\page_info\route.ts","route.ts",".ts","935","3/09/2025 15:27:53"
"C:\Users\Wante\OneDrive\AI-social-manager\web\src.__now_20250923_104925\app\api\meta\page_info_first\route.ts","route.ts",".ts","1695","3/09/2025 20:31:55"
"C:\Users\Wante\OneDrive\AI-social-manager\web\src.__now_20250923_104925\app\api\meta\page_token\route.ts","route.ts",".ts","1903","14/09/2025 12:28:11"
"C:\Users\Wante\OneDrive\AI-social-manager\web\src.__now_20250923_104925\app\api\meta\post_text\route.ts","route.ts",".ts","3237","14/09/2025 13:09:30"
"C:\Users\Wante\OneDrive\AI-social-manager\web\src.__now_20250923_104925\app\api\meta\save_page_token\route.ts","route.ts",".ts","1665","7/09/2025 15:32:05"
"C:\Users\Wante\OneDrive\AI-social-manager\web\src.__now_20250923_104925\app\api\ping\route.ts","route.ts",".ts","593","16/09/2025 14:49:19"
"C:\Users\Wante\OneDrive\AI-social-manager\web\src.__now_20250923_104925\app\api\schedule\create","create","",,"20/09/2025 14:58:14"
"C:\Users\Wante\OneDrive\AI-social-manager\web\src.__now_20250923_104925\app\api\schedule\cron","cron","",,"20/09/2025 14:58:14"
"C:\Users\Wante\OneDrive\AI-social-manager\web\src.__now_20250923_104925\app\api\schedule\debug","debug","",,"20/09/2025 14:58:14"
"C:\Users\Wante\OneDrive\AI-social-manager\web\src.__now_20250923_104925\app\api\schedule\delete","delete","",,"20/09/2025 14:58:14"
"C:\Users\Wante\OneDrive\AI-social-manager\web\src.__now_20250923_104925\app\api\schedule\dispatch-due","dispatch-due","",,"20/09/2025 14:58:14"
"C:\Users\Wante\OneDrive\AI-social-manager\web\src.__now_20250923_104925\app\api\schedule\due","due","",,"20/09/2025 14:58:14"
"C:\Users\Wante\OneDrive\AI-social-manager\web\src.__now_20250923_104925\app\api\schedule\force","force","",,"20/09/2025 14:58:14"
"C:\Users\Wante\OneDrive\AI-social-manager\web\src.__now_20250923_104925\app\api\schedule\ical","ical","",,"20/09/2025 14:58:14"
"C:\Users\Wante\OneDrive\AI-social-manager\web\src.__now_20250923_104925\app\api\schedule\list","list","",,"20/09/2025 14:58:14"
"C:\Users\Wante\OneDrive\AI-social-manager\web\src.__now_20250923_104925\app\api\schedule\mark","mark","",,"20/09/2025 14:58:14"
"C:\Users\Wante\OneDrive\AI-social-manager\web\src.__now_20250923_104925\app\api\schedule\reschedule","reschedule","",,"20/09/2025 14:58:14"
"C:\Users\Wante\OneDrive\AI-social-manager\web\src.__now_20250923_104925\app\api\schedule\retry_failed","retry_failed","",,"20/09/2025 14:58:14"
"C:\Users\Wante\OneDrive\AI-social-manager\web\src.__now_20250923_104925\app\api\schedule\retry_now","retry_now","",,"20/09/2025 14:58:14"
"C:\Users\Wante\OneDrive\AI-social-manager\web\src.__now_20250923_104925\app\api\schedule\run","run","",,"20/09/2025 14:58:14"
"C:\Users\Wante\OneDrive\AI-social-manager\web\src.__now_20250923_104925\app\api\schedule\run-Force","run-Force","",,"20/09/2025 14:58:14"
"C:\Users\Wante\OneDrive\AI-social-manager\web\src.__now_20250923_104925\app\api\schedule\run_due","run_due","",,"20/09/2025 14:58:14"
"C:\Users\Wante\OneDrive\AI-social-manager\web\src.__now_20250923_104925\app\api\schedule\_store.ts","_store.ts",".ts","2326","14/09/2025 18:34:01"
"C:\Users\Wante\OneDrive\AI-social-manager\web\src.__now_20250923_104925\app\api\schedule\create\route.ts","route.ts",".ts","1155","16/09/2025 14:50:01"
"C:\Users\Wante\OneDrive\AI-social-manager\web\src.__now_20250923_104925\app\api\schedule\cron\route.ts","route.ts",".ts","1728","7/09/2025 13:40:24"
"C:\Users\Wante\OneDrive\AI-social-manager\web\src.__now_20250923_104925\app\api\schedule\debug\route.ts","route.ts",".ts","538","16/09/2025 14:49:35"
"C:\Users\Wante\OneDrive\AI-social-manager\web\src.__now_20250923_104925\app\api\schedule\delete\route.ts","route.ts",".ts","815","16/09/2025 14:17:52"
"C:\Users\Wante\OneDrive\AI-social-manager\web\src.__now_20250923_104925\app\api\schedule\dispatch-due\route.ts","route.ts",".ts","1916","17/09/2025 19:13:13"
"C:\Users\Wante\OneDrive\AI-social-manager\web\src.__now_20250923_104925\app\api\schedule\due\route.ts","route.ts",".ts","435","5/09/2025 14:51:18"
"C:\Users\Wante\OneDrive\AI-social-manager\web\src.__now_20250923_104925\app\api\schedule\force\route.ts","route.ts",".ts","983","17/09/2025 19:13:36"
"C:\Users\Wante\OneDrive\AI-social-manager\web\src.__now_20250923_104925\app\api\schedule\ical\route.ts","route.ts",".ts","1947","5/09/2025 19:38:20"
"C:\Users\Wante\OneDrive\AI-social-manager\web\src.__now_20250923_104925\app\api\schedule\list\route.ts","route.ts",".ts","454","20/09/2025 13:25:25"
"C:\Users\Wante\OneDrive\AI-social-manager\web\src.__now_20250923_104925\app\api\schedule\mark\route.ts","route.ts",".ts","650","5/09/2025 14:44:28"
"C:\Users\Wante\OneDrive\AI-social-manager\web\src.__now_20250923_104925\app\api\schedule\reschedule\route.ts","route.ts",".ts","966","5/09/2025 19:33:26"
"C:\Users\Wante\OneDrive\AI-social-manager\web\src.__now_20250923_104925\app\api\schedule\retry_failed\route.ts","route.ts",".ts","781","5/09/2025 19:59:13"
"C:\Users\Wante\OneDrive\AI-social-manager\web\src.__now_20250923_104925\app\api\schedule\retry_now\route.ts","route.ts",".ts","1088","5/09/2025 19:58:40"
"C:\Users\Wante\OneDrive\AI-social-manager\web\src.__now_20250923_104925\app\api\schedule\run\route.ts","route.ts",".ts","5646","9/09/2025 14:28:00"
"C:\Users\Wante\OneDrive\AI-social-manager\web\src.__now_20250923_104925\app\api\schedule\run_due\route.ts","route.ts",".ts","887","9/09/2025 14:21:03"
"C:\Users\Wante\OneDrive\AI-social-manager\web\src.__now_20250923_104925\app\api\schedule._disabled\create","create","",,"20/09/2025 14:58:13"
"C:\Users\Wante\OneDrive\AI-social-manager\web\src.__now_20250923_104925\app\api\schedule._disabled\cron","cron","",,"20/09/2025 14:58:13"
"C:\Users\Wante\OneDrive\AI-social-manager\web\src.__now_20250923_104925\app\api\schedule._disabled\debug","debug","",,"20/09/2025 14:58:13"
"C:\Users\Wante\OneDrive\AI-social-manager\web\src.__now_20250923_104925\app\api\schedule._disabled\delete","delete","",,"20/09/2025 14:58:13"
"C:\Users\Wante\OneDrive\AI-social-manager\web\src.__now_20250923_104925\app\api\schedule._disabled\dispatch-due","dispatch-due","",,"20/09/2025 14:58:13"
"C:\Users\Wante\OneDrive\AI-social-manager\web\src.__now_20250923_104925\app\api\schedule._disabled\due","due","",,"20/09/2025 14:58:13"
"C:\Users\Wante\OneDrive\AI-social-manager\web\src.__now_20250923_104925\app\api\schedule._disabled\force","force","",,"20/09/2025 14:58:13"
"C:\Users\Wante\OneDrive\AI-social-manager\web\src.__now_20250923_104925\app\api\schedule._disabled\ical","ical","",,"20/09/2025 14:58:13"
"C:\Users\Wante\OneDrive\AI-social-manager\web\src.__now_20250923_104925\app\api\schedule._disabled\list","list","",,"20/09/2025 14:58:13"
"C:\Users\Wante\OneDrive\AI-social-manager\web\src.__now_20250923_104925\app\api\schedule._disabled\mark","mark","",,"20/09/2025 14:58:13"
"C:\Users\Wante\OneDrive\AI-social-manager\web\src.__now_20250923_104925\app\api\schedule._disabled\reschedule","reschedule","",,"20/09/2025 14:58:13"
"C:\Users\Wante\OneDrive\AI-social-manager\web\src.__now_20250923_104925\app\api\schedule._disabled\retry_failed","retry_failed","",,"20/09/2025 14:58:13"
"C:\Users\Wante\OneDrive\AI-social-manager\web\src.__now_20250923_104925\app\api\schedule._disabled\retry_now","retry_now","",,"20/09/2025 14:58:13"
"C:\Users\Wante\OneDrive\AI-social-manager\web\src.__now_20250923_104925\app\api\schedule._disabled\run","run","",,"20/09/2025 14:58:13"
"C:\Users\Wante\OneDrive\AI-social-manager\web\src.__now_20250923_104925\app\api\schedule._disabled\run-Force","run-Force","",,"20/09/2025 14:58:13"
"C:\Users\Wante\OneDrive\AI-social-manager\web\src.__now_20250923_104925\app\api\schedule._disabled\run_due","run_due","",,"20/09/2025 14:58:13"
"C:\Users\Wante\OneDrive\AI-social-manager\web\src.__now_20250923_104925\app\api\supabase\diag","diag","",,"20/09/2025 14:58:14"
"C:\Users\Wante\OneDrive\AI-social-manager\web\src.__now_20250923_104925\app\api\supabase\diag\route.ts","route.ts",".ts","882","5/09/2025 22:24:18"
"C:\Users\Wante\OneDrive\AI-social-manager\web\src.__now_20250923_104925\app\api\templates\delete","delete","",,"20/09/2025 14:58:14"
"C:\Users\Wante\OneDrive\AI-social-manager\web\src.__now_20250923_104925\app\api\templates\list","list","",,"20/09/2025 14:58:14"
"C:\Users\Wante\OneDrive\AI-social-manager\web\src.__now_20250923_104925\app\api\templates\upsert","upsert","",,"20/09/2025 14:58:14"
"C:\Users\Wante\OneDrive\AI-social-manager\web\src.__now_20250923_104925\app\api\templates\_store.ts","_store.ts",".ts","5895","5/09/2025 16:19:43"
"C:\Users\Wante\OneDrive\AI-social-manager\web\src.__now_20250923_104925\app\api\templates\delete\route.ts","route.ts",".ts","569","5/09/2025 16:41:05"
"C:\Users\Wante\OneDrive\AI-social-manager\web\src.__now_20250923_104925\app\api\templates\list\route.ts","route.ts",".ts","735","5/09/2025 16:23:57"
"C:\Users\Wante\OneDrive\AI-social-manager\web\src.__now_20250923_104925\app\api\templates\upsert\route.ts","route.ts",".ts","502","5/09/2025 16:40:40"
"C:\Users\Wante\OneDrive\AI-social-manager\web\src.__now_20250923_104925\app\api\upload\route.ts","route.ts",".ts","1160","16/09/2025 14:10:32"
"C:\Users\Wante\OneDrive\AI-social-manager\web\src.__now_20250923_104925\app\app\brand-voice","brand-voice","",,"20/09/2025 14:58:14"
"C:\Users\Wante\OneDrive\AI-social-manager\web\src.__now_20250923_104925\app\app\calendar","calendar","",,"20/09/2025 14:58:14"
"C:\Users\Wante\OneDrive\AI-social-manager\web\src.__now_20250923_104925\app\app\components","components","",,"20/09/2025 14:27:26"
"C:\Users\Wante\OneDrive\AI-social-manager\web\src.__now_20250923_104925\app\app\connect","connect","",,"20/09/2025 14:58:14"
"C:\Users\Wante\OneDrive\AI-social-manager\web\src.__now_20250923_104925\app\app\home","home","",,"20/09/2025 14:26:51"
"C:\Users\Wante\OneDrive\AI-social-manager\web\src.__now_20250923_104925\app\app\ig-test","ig-test","",,"20/09/2025 14:58:14"
"C:\Users\Wante\OneDrive\AI-social-manager\web\src.__now_20250923_104925\app\app\offer-visual","offer-visual","",,"20/09/2025 14:58:14"
"C:\Users\Wante\OneDrive\AI-social-manager\web\src.__now_20250923_104925\app\app\packs","packs","",,"20/09/2025 14:58:14"
"C:\Users\Wante\OneDrive\AI-social-manager\web\src.__now_20250923_104925\app\app\planner","planner","",,"20/09/2025 14:53:39"
"C:\Users\Wante\OneDrive\AI-social-manager\web\src.__now_20250923_104925\app\app\publishing","publishing","",,"20/09/2025 14:58:14"
"C:\Users\Wante\OneDrive\AI-social-manager\web\src.__now_20250923_104925\app\app\scheduler","scheduler","",,"20/09/2025 14:58:14"
"C:\Users\Wante\OneDrive\AI-social-manager\web\src.__now_20250923_104925\app\app\settings","settings","",,"20/09/2025 14:58:14"
"C:\Users\Wante\OneDrive\AI-social-manager\web\src.__now_20250923_104925\app\app\style-blackgold","style-blackgold","",,"20/09/2025 14:58:23"
"C:\Users\Wante\OneDrive\AI-social-manager\web\src.__now_20250923_104925\app\app\style-demo","style-demo","",,"20/09/2025 14:58:14"
"C:\Users\Wante\OneDrive\AI-social-manager\web\src.__now_20250923_104925\app\app\templates","templates","",,"20/09/2025 14:58:14"
"C:\Users\Wante\OneDrive\AI-social-manager\web\src.__now_20250923_104925\app\app\config.ts","config.ts",".ts","2183","20/09/2025 11:43:00"
"C:\Users\Wante\OneDrive\AI-social-manager\web\src.__now_20250923_104925\app\app\globals.bak.css","globals.bak.css",".css","1263","20/09/2025 11:02:49"
"C:\Users\Wante\OneDrive\AI-social-manager\web\src.__now_20250923_104925\app\app\globals.css","globals.css",".css","211","20/09/2025 12:57:57"
"C:\Users\Wante\OneDrive\AI-social-manager\web\src.__now_20250923_104925\app\app\layout-DESKTOP-UUU921T.tsx","layout-DESKTOP-UUU921T.tsx",".tsx","599","20/09/2025 14:26:10"
"C:\Users\Wante\OneDrive\AI-social-manager\web\src.__now_20250923_104925\app\app\layout.backup.tsx.tsx","layout.backup.tsx.tsx",".tsx","3390","9/09/2025 9:31:23"
"C:\Users\Wante\OneDrive\AI-social-manager\web\src.__now_20250923_104925\app\app\layout.tsx","layout.tsx",".tsx","630","20/09/2025 17:53:36"
"C:\Users\Wante\OneDrive\AI-social-manager\web\src.__now_20250923_104925\app\app\layout.tsx.tsx","layout.tsx.tsx",".tsx","3390","9/09/2025 9:31:23"
"C:\Users\Wante\OneDrive\AI-social-manager\web\src.__now_20250923_104925\app\app\layout_old.tsx","layout_old.tsx",".tsx","2389","8/09/2025 21:19:33"
"C:\Users\Wante\OneDrive\AI-social-manager\web\src.__now_20250923_104925\app\app\page-DESKTOP-UUU921T.tsx","page-DESKTOP-UUU921T.tsx",".tsx","105","20/09/2025 14:26:36"
"C:\Users\Wante\OneDrive\AI-social-manager\web\src.__now_20250923_104925\app\app\page.tsx","page.tsx",".tsx","1625","20/09/2025 17:38:49"
"C:\Users\Wante\OneDrive\AI-social-manager\web\src.__now_20250923_104925\app\app\brand-voice\page.tsx","page.tsx",".tsx","14793","20/09/2025 13:12:31"
"C:\Users\Wante\OneDrive\AI-social-manager\web\src.__now_20250923_104925\app\app\calendar\page.tsx","page.tsx",".tsx","12781","9/09/2025 11:28:48"
"C:\Users\Wante\OneDrive\AI-social-manager\web\src.__now_20250923_104925\app\app\components\AppSidebar.tsx","AppSidebar.tsx",".tsx","2806","19/09/2025 13:58:01"
"C:\Users\Wante\OneDrive\AI-social-manager\web\src.__now_20250923_104925\app\app\components\AppTopbar.tsx","AppTopbar.tsx",".tsx","967","20/09/2025 17:06:14"
"C:\Users\Wante\OneDrive\AI-social-manager\web\src.__now_20250923_104925\app\app\components\ComingSoon.tsx","ComingSoon.tsx",".tsx","2028","19/09/2025 13:59:34"
"C:\Users\Wante\OneDrive\AI-social-manager\web\src.__now_20250923_104925\app\app\components\PageShell.tsx","PageShell.tsx",".tsx","460","20/09/2025 12:59:03"
"C:\Users\Wante\OneDrive\AI-social-manager\web\src.__now_20250923_104925\app\app\components\ui.tsx","ui.tsx",".tsx","1112","20/09/2025 17:05:23"
"C:\Users\Wante\OneDrive\AI-social-manager\web\src.__now_20250923_104925\app\app\connect\page.tsx","page.tsx",".tsx","14726","14/09/2025 18:02:32"
"C:\Users\Wante\OneDrive\AI-social-manager\web\src.__now_20250923_104925\app\app\connect\page.tsx.txt","page.tsx.txt",".txt","1991","5/09/2025 12:26:57"
"C:\Users\Wante\OneDrive\AI-social-manager\web\src.__now_20250923_104925\app\app\connect\PagesLoader.tsx","PagesLoader.tsx",".tsx","2925","3/09/2025 12:26:12"
"C:\Users\Wante\OneDrive\AI-social-manager\web\src.__now_20250923_104925\app\app\home\page.tsx","page.tsx",".tsx","1873","20/09/2025 17:54:19"
"C:\Users\Wante\OneDrive\AI-social-manager\web\src.__now_20250923_104925\app\app\ig-test\page.tsx","page.tsx",".tsx","4991","5/09/2025 12:47:44"
"C:\Users\Wante\OneDrive\AI-social-manager\web\src.__now_20250923_104925\app\app\ig-test\page.tsx.txt","page.tsx.txt",".txt","4850","5/09/2025 12:34:12"
"C:\Users\Wante\OneDrive\AI-social-manager\web\src.__now_20250923_104925\app\app\offer-visual\page.tsx","page.tsx",".tsx","14791","20/09/2025 13:13:54"
"C:\Users\Wante\OneDrive\AI-social-manager\web\src.__now_20250923_104925\app\app\packs\page.tsx","page.tsx",".tsx",,"20/09/2025 14:58:14"
"C:\Users\Wante\OneDrive\AI-social-manager\web\src.__now_20250923_104925\app\app\packs\page.tsx\page_packs_edit.tsx","page_packs_edit.tsx",".tsx",,"20/09/2025 14:58:14"
"C:\Users\Wante\OneDrive\AI-social-manager\web\src.__now_20250923_104925\app\app\packs\page.tsx\page_packs.tsx","page_packs.tsx",".tsx","6727","10/09/2025 12:17:40"
"C:\Users\Wante\OneDrive\AI-social-manager\web\src.__now_20250923_104925\app\app\planner\page.tsx","page.tsx",".tsx","23036","16/09/2025 14:38:30"
"C:\Users\Wante\OneDrive\AI-social-manager\web\src.__now_20250923_104925\app\app\publishing\page.tsx","page.tsx",".tsx","1974","20/09/2025 13:14:32"
"C:\Users\Wante\OneDrive\AI-social-manager\web\src.__now_20250923_104925\app\app\scheduler\page.tsx","page.tsx",".tsx","125","9/09/2025 13:16:04"
"C:\Users\Wante\OneDrive\AI-social-manager\web\src.__now_20250923_104925\app\app\settings\HashtagBundles.tsx","HashtagBundles.tsx",".tsx","4907","9/09/2025 15:54:21"
"C:\Users\Wante\OneDrive\AI-social-manager\web\src.__now_20250923_104925\app\app\settings\page.tsx","page.tsx",".tsx","5765","20/09/2025 13:15:00"
"C:\Users\Wante\OneDrive\AI-social-manager\web\src.__now_20250923_104925\app\app\style-blackgold\page.tsx","page.tsx",".tsx","9160","19/09/2025 13:50:20"
"C:\Users\Wante\OneDrive\AI-social-manager\web\src.__now_20250923_104925\app\app\style-demo\page.tsx","page.tsx",".tsx","8089","19/09/2025 13:44:06"
"C:\Users\Wante\OneDrive\AI-social-manager\web\src.__now_20250923_104925\app\app\templates\page.tsx","page.tsx",".tsx","8657","5/09/2025 16:46:28"
"C:\Users\Wante\OneDrive\AI-social-manager\web\src.__now_20250923_104925\app\brand-voice\page.tsx","page.tsx",".tsx","13072","21/09/2025 9:28:08"
"C:\Users\Wante\OneDrive\AI-social-manager\web\src.__now_20250923_104925\app\components\CreditsWidget.tsx","CreditsWidget.tsx",".tsx",,"20/09/2025 14:58:14"
"C:\Users\Wante\OneDrive\AI-social-manager\web\src.__now_20250923_104925\app\components\elysium","elysium","",,"21/09/2025 18:05:09"
"C:\Users\Wante\OneDrive\AI-social-manager\web\src.__now_20250923_104925\app\components\PageShell.tsx","PageShell.tsx",".tsx","459","22/09/2025 16:21:12"
"C:\Users\Wante\OneDrive\AI-social-manager\web\src.__now_20250923_104925\app\components\ui.tsx","ui.tsx",".tsx","1549","21/09/2025 11:31:36"
"C:\Users\Wante\OneDrive\AI-social-manager\web\src.__now_20250923_104925\app\components\WalletBadge.tsx","WalletBadge.tsx",".tsx","3952","10/09/2025 19:28:58"
"C:\Users\Wante\OneDrive\AI-social-manager\web\src.__now_20250923_104925\app\components\elysium\Layout.tsx","Layout.tsx",".tsx","0","21/09/2025 11:49:45"
"C:\Users\Wante\OneDrive\AI-social-manager\web\src.__now_20250923_104925\app\connect\debug","debug","",,"20/09/2025 14:58:14"
"C:\Users\Wante\OneDrive\AI-social-manager\web\src.__now_20250923_104925\app\connect\page.tsx.txt","page.tsx.txt",".txt","2864","5/09/2025 11:48:41"
"C:\Users\Wante\OneDrive\AI-social-manager\web\src.__now_20250923_104925\app\connect\debug\page.tsx","page.tsx",".tsx","1125","14/09/2025 11:31:08"
"C:\Users\Wante\OneDrive\AI-social-manager\web\src.__now_20250923_104925\app\design-aurum\page.tsx","page.tsx",".tsx","16351","21/09/2025 10:47:35"
"C:\Users\Wante\OneDrive\AI-social-manager\web\src.__now_20250923_104925\app\design-demo\page.tsx","page.tsx",".tsx","16353","21/09/2025 10:45:06"
"C:\Users\Wante\OneDrive\AI-social-manager\web\src.__now_20250923_104925\app\design-elysium\page.tsx","page.tsx",".tsx","19548","21/09/2025 11:09:52"
"C:\Users\Wante\OneDrive\AI-social-manager\web\src.__now_20250923_104925\app\offer-visual\page.tsx","page.tsx",".tsx","16755","23/09/2025 8:56:07"
"C:\Users\Wante\OneDrive\AI-social-manager\web\src.__now_20250923_104925\app\onboarding\page.tsx","page.tsx",".tsx","2155","22/09/2025 16:40:49"
"C:\Users\Wante\OneDrive\AI-social-manager\web\src.__now_20250923_104925\app\packs\page.tsx_test","page.tsx_test",".tsx_test",,"20/09/2025 14:58:14"
"C:\Users\Wante\OneDrive\AI-social-manager\web\src.__now_20250923_104925\app\packs\page.tsx","page.tsx",".tsx","8338","10/09/2025 20:09:46"
"C:\Users\Wante\OneDrive\AI-social-manager\web\src.__now_20250923_104925\app\packs\page.tsx_test\page.tsx","page.tsx",".tsx","6147","10/09/2025 18:45:11"
"C:\Users\Wante\OneDrive\AI-social-manager\web\src.__now_20250923_104925\app\packs\page.tsx_test\page_packs.tsx","page_packs.tsx",".tsx","6727","10/09/2025 12:17:40"
"C:\Users\Wante\OneDrive\AI-social-manager\web\src.__now_20250923_104925\app\planner\PlannerImageTool.tsx","PlannerImageTool.tsx",".tsx","4437","9/09/2025 20:33:15"
"C:\Users\Wante\OneDrive\AI-social-manager\web\src.__now_20250923_104925\app\publishing\page.tsx","page.tsx",".tsx","1740","21/09/2025 9:30:27"
"C:\Users\Wante\OneDrive\AI-social-manager\web\src.__now_20250923_104925\app\settings\page.tsx","page.tsx",".tsx","5894","22/09/2025 16:58:34"
"C:\Users\Wante\OneDrive\AI-social-manager\web\src.__now_20250923_104925\app\team\page.tsx","page.tsx",".tsx","5726","10/09/2025 22:12:45"
"C:\Users\Wante\OneDrive\AI-social-manager\web\src.__now_20250923_104925\components\AppNav.tsx","AppNav.tsx",".tsx",,"20/09/2025 14:58:13"
"C:\Users\Wante\OneDrive\AI-social-manager\web\src.__now_20250923_104925\components\elysium","elysium","",,"21/09/2025 18:05:02"
"C:\Users\Wante\OneDrive\AI-social-manager\web\src.__now_20250923_104925\components\ui","ui","",,"21/09/2025 18:05:02"
"C:\Users\Wante\OneDrive\AI-social-manager\web\src.__now_20250923_104925\components\ImageGenerator.tsx","ImageGenerator.tsx",".tsx","4122","9/09/2025 20:21:48"
"C:\Users\Wante\OneDrive\AI-social-manager\web\src.__now_20250923_104925\components\PageShell.tsx","PageShell.tsx",".tsx","891","22/09/2025 16:37:56"
"C:\Users\Wante\OneDrive\AI-social-manager\web\src.__now_20250923_104925\components\elysium\GoldWaves.tsx","GoldWaves.tsx",".tsx","3714","21/09/2025 17:58:15"
"C:\Users\Wante\OneDrive\AI-social-manager\web\src.__now_20250923_104925\components\elysium\Layout.tsx","Layout.tsx",".tsx","12820","22/09/2025 20:37:32"
"C:\Users\Wante\OneDrive\AI-social-manager\web\src.__now_20250923_104925\components\ui\Logo.tsx","Logo.tsx",".tsx","1964","22/09/2025 18:10:44"
"C:\Users\Wante\OneDrive\AI-social-manager\web\src.__now_20250923_104925\lib\auth.ts","auth.ts",".ts","1153","5/09/2025 11:11:19"
"C:\Users\Wante\OneDrive\AI-social-manager\web\src.__now_20250923_104925\lib\taskStore.ts","taskStore.ts",".ts","1792","20/09/2025 13:24:35"
"C:\Users\Wante\OneDrive\AI-social-manager\web\src.__now_20250923_104925\lib\wallet.ts","wallet.ts",".ts","1724","22/09/2025 16:37:00"
"C:\Users\Wante\OneDrive\AI-social-manager\web\src.__now_20250923_104925\types\three-extras.d.ts","three-extras.d.ts",".ts","401","21/09/2025 17:36:19"
"C:\Users\Wante\OneDrive\AI-social-manager\web\__backup\src","src","",,"20/09/2025 14:57:24"
"C:\Users\Wante\OneDrive\AI-social-manager\web\__backup\src\app","app","",,"20/09/2025 14:57:24"
"C:\Users\Wante\OneDrive\AI-social-manager\web\__backup\src\components","components","",,"20/09/2025 14:57:24"
"C:\Users\Wante\OneDrive\AI-social-manager\web\__backup\src\lib","lib","",,"20/09/2025 14:57:24"
"C:\Users\Wante\OneDrive\AI-social-manager\web\__backup\src\app\ai","ai","",,"20/09/2025 14:57:22"
"C:\Users\Wante\OneDrive\AI-social-manager\web\__backup\src\app\api","api","",,"20/09/2025 14:57:23"
"C:\Users\Wante\OneDrive\AI-social-manager\web\__backup\src\app\app","app","",,"20/09/2025 14:57:24"
"C:\Users\Wante\OneDrive\AI-social-manager\web\__backup\src\app\components","components","",,"20/09/2025 14:57:24"
"C:\Users\Wante\OneDrive\AI-social-manager\web\__backup\src\app\connect","connect","",,"20/09/2025 14:57:24"
"C:\Users\Wante\OneDrive\AI-social-manager\web\__backup\src\app\packs","packs","",,"20/09/2025 14:57:24"
"C:\Users\Wante\OneDrive\AI-social-manager\web\__backup\src\app\planner","planner","",,"20/09/2025 14:57:24"
"C:\Users\Wante\OneDrive\AI-social-manager\web\__backup\src\app\team","team","",,"20/09/2025 14:57:24"
"C:\Users\Wante\OneDrive\AI-social-manager\web\__backup\src\app\globals.css","globals.css",".css","269","20/09/2025 13:22:15"
"C:\Users\Wante\OneDrive\AI-social-manager\web\__backup\src\app\providers.tsx","providers.tsx",".tsx","246","10/09/2025 19:24:15"
"C:\Users\Wante\OneDrive\AI-social-manager\web\__backup\src\app\theme-init.tsx","theme-init.tsx",".tsx","851","9/09/2025 15:04:17"
"C:\Users\Wante\OneDrive\AI-social-manager\web\__backup\src\app\ai\brand-voice","brand-voice","",,"20/09/2025 14:57:22"
"C:\Users\Wante\OneDrive\AI-social-manager\web\__backup\src\app\api\ai","ai","",,"20/09/2025 14:57:22"
"C:\Users\Wante\OneDrive\AI-social-manager\web\__backup\src\app\api\auth","auth","",,"20/09/2025 14:57:22"
"C:\Users\Wante\OneDrive\AI-social-manager\web\__backup\src\app\api\cron","cron","",,"20/09/2025 14:57:22"
"C:\Users\Wante\OneDrive\AI-social-manager\web\__backup\src\app\api\debug","debug","",,"20/09/2025 14:57:22"
"C:\Users\Wante\OneDrive\AI-social-manager\web\__backup\src\app\api\fb","fb","",,"20/09/2025 14:57:23"
"C:\Users\Wante\OneDrive\AI-social-manager\web\__backup\src\app\api\meta","meta","",,"20/09/2025 14:57:23"
"C:\Users\Wante\OneDrive\AI-social-manager\web\__backup\src\app\api\ping","ping","",,"20/09/2025 14:57:23"
"C:\Users\Wante\OneDrive\AI-social-manager\web\__backup\src\app\api\schedule","schedule","",,"20/09/2025 14:57:23"
"C:\Users\Wante\OneDrive\AI-social-manager\web\__backup\src\app\api\supabase","supabase","",,"20/09/2025 14:57:23"
"C:\Users\Wante\OneDrive\AI-social-manager\web\__backup\src\app\api\templates","templates","",,"20/09/2025 14:57:23"
"C:\Users\Wante\OneDrive\AI-social-manager\web\__backup\src\app\api\upload","upload","",,"20/09/2025 14:57:23"
"C:\Users\Wante\OneDrive\AI-social-manager\web\__backup\src\app\api\ai\brand-voice","brand-voice","",,"20/09/2025 14:57:22"
"C:\Users\Wante\OneDrive\AI-social-manager\web\__backup\src\app\api\ai\campaign-plan","campaign-plan","",,"20/09/2025 14:57:22"
"C:\Users\Wante\OneDrive\AI-social-manager\web\__backup\src\app\api\ai\generate","generate","",,"20/09/2025 14:57:22"
"C:\Users\Wante\OneDrive\AI-social-manager\web\__backup\src\app\api\ai\image","image","",,"20/09/2025 14:57:22"
"C:\Users\Wante\OneDrive\AI-social-manager\web\__backup\src\app\api\ai\brand-voice\route.ts","route.ts",".ts","2422","19/09/2025 10:48:56"
"C:\Users\Wante\OneDrive\AI-social-manager\web\__backup\src\app\api\ai\campaign-plan\route.ts","route.ts",".ts","3475","19/09/2025 0:15:51"
"C:\Users\Wante\OneDrive\AI-social-manager\web\__backup\src\app\api\ai\generate\route.ts","route.ts",".ts","980","16/09/2025 14:11:15"
"C:\Users\Wante\OneDrive\AI-social-manager\web\__backup\src\app\api\ai\image\route.ts","route.ts",".ts","2502","19/09/2025 12:25:05"
"C:\Users\Wante\OneDrive\AI-social-manager\web\__backup\src\app\api\cron\run-due","run-due","",,"20/09/2025 14:57:22"
"C:\Users\Wante\OneDrive\AI-social-manager\web\__backup\src\app\api\cron\run-due\route.ts","route.ts",".ts","1293","9/09/2025 14:25:18"
"C:\Users\Wante\OneDrive\AI-social-manager\web\__backup\src\app\api\debug\fb-token","fb-token","",,"20/09/2025 14:57:22"
"C:\Users\Wante\OneDrive\AI-social-manager\web\__backup\src\app\api\debug\fb-token\route.ts","route.ts",".ts","647","14/09/2025 11:12:46"
"C:\Users\Wante\OneDrive\AI-social-manager\web\__backup\src\app\api\fb\oauth","oauth","",,"20/09/2025 14:57:23"
"C:\Users\Wante\OneDrive\AI-social-manager\web\__backup\src\app\api\fb\post-text-now","post-text-now","",,"20/09/2025 14:57:23"
"C:\Users\Wante\OneDrive\AI-social-manager\web\__backup\src\app\api\fb\oauth\callback","callback","",,"20/09/2025 14:57:23"
"C:\Users\Wante\OneDrive\AI-social-manager\web\__backup\src\app\api\fb\oauth\start","start","",,"20/09/2025 14:57:23"
"C:\Users\Wante\OneDrive\AI-social-manager\web\__backup\src\app\api\fb\oauth\callback\route.ts","route.ts",".ts","1154","18/09/2025 19:04:51"
"C:\Users\Wante\OneDrive\AI-social-manager\web\__backup\src\app\api\fb\oauth\start\route.ts","route.ts",".ts","591","14/09/2025 11:39:38"
"C:\Users\Wante\OneDrive\AI-social-manager\web\__backup\src\app\api\fb\post-text-now\route.ts","route.ts",".ts","1415","17/09/2025 19:25:14"
"C:\Users\Wante\OneDrive\AI-social-manager\web\__backup\src\app\api\meta\auth","auth","",,"20/09/2025 14:57:23"
"C:\Users\Wante\OneDrive\AI-social-manager\web\__backup\src\app\api\meta\debug","debug","",,"20/09/2025 14:57:23"
"C:\Users\Wante\OneDrive\AI-social-manager\web\__backup\src\app\api\meta\env_safe","env_safe","",,"20/09/2025 14:57:23"
"C:\Users\Wante\OneDrive\AI-social-manager\web\__backup\src\app\api\meta\fb_post_photo","fb_post_photo","",,"20/09/2025 14:57:23"
"C:\Users\Wante\OneDrive\AI-social-manager\web\__backup\src\app\api\meta\ig_account","ig_account","",,"20/09/2025 14:57:23"
"C:\Users\Wante\OneDrive\AI-social-manager\web\__backup\src\app\api\meta\ig_link","ig_link","",,"20/09/2025 14:57:23"
"C:\Users\Wante\OneDrive\AI-social-manager\web\__backup\src\app\api\meta\ig_post_photo","ig_post_photo","",,"20/09/2025 14:57:23"
"C:\Users\Wante\OneDrive\AI-social-manager\web\__backup\src\app\api\meta\pages","pages","",,"20/09/2025 14:57:23"
"C:\Users\Wante\OneDrive\AI-social-manager\web\__backup\src\app\api\meta\pages_alt","pages_alt","",,"20/09/2025 14:57:23"
"C:\Users\Wante\OneDrive\AI-social-manager\web\__backup\src\app\api\meta\pages_ids","pages_ids","",,"20/09/2025 14:57:23"
"C:\Users\Wante\OneDrive\AI-social-manager\web\__backup\src\app\api\meta\page_info","page_info","",,"20/09/2025 14:57:23"
"C:\Users\Wante\OneDrive\AI-social-manager\web\__backup\src\app\api\meta\page_info_first","page_info_first","",,"20/09/2025 14:57:23"
"C:\Users\Wante\OneDrive\AI-social-manager\web\__backup\src\app\api\meta\page_token","page_token","",,"20/09/2025 14:57:23"
"C:\Users\Wante\OneDrive\AI-social-manager\web\__backup\src\app\api\meta\post_text","post_text","",,"20/09/2025 14:57:23"
"C:\Users\Wante\OneDrive\AI-social-manager\web\__backup\src\app\api\meta\save_page_token","save_page_token","",,"20/09/2025 14:57:23"
"C:\Users\Wante\OneDrive\AI-social-manager\web\__backup\src\app\api\meta\_tokens.ts","_tokens.ts",".ts","743","7/09/2025 15:30:28"
"C:\Users\Wante\OneDrive\AI-social-manager\web\__backup\src\app\api\meta\auth\route.ts","route.ts",".ts","397","4/09/2025 12:23:36"
"C:\Users\Wante\OneDrive\AI-social-manager\web\__backup\src\app\api\meta\debug\route.ts","route.ts",".ts","872","3/09/2025 13:10:36"
"C:\Users\Wante\OneDrive\AI-social-manager\web\__backup\src\app\api\meta\env_safe\route.ts","route.ts",".ts","296","3/09/2025 22:45:10"
"C:\Users\Wante\OneDrive\AI-social-manager\web\__backup\src\app\api\meta\fb_post_photo\route.ts","route.ts",".ts","3144","7/09/2025 15:47:06"
"C:\Users\Wante\OneDrive\AI-social-manager\web\__backup\src\app\api\meta\ig_account\route.ts","route.ts",".ts","1611","5/09/2025 12:23:33"
"C:\Users\Wante\OneDrive\AI-social-manager\web\__backup\src\app\api\meta\ig_link\route.ts","route.ts",".ts","3171","3/09/2025 21:09:53"
"C:\Users\Wante\OneDrive\AI-social-manager\web\__backup\src\app\api\meta\ig_post_photo\route.ts","route.ts",".ts","3602","7/09/2025 17:01:57"
"C:\Users\Wante\OneDrive\AI-social-manager\web\__backup\src\app\api\meta\pages\route.ts","route.ts",".ts","4036","4/09/2025 12:31:11"
"C:\Users\Wante\OneDrive\AI-social-manager\web\__backup\src\app\api\meta\pages_alt\route.ts","route.ts",".ts","1744","3/09/2025 15:09:55"
"C:\Users\Wante\OneDrive\AI-social-manager\web\__backup\src\app\api\meta\pages_ids\route.ts","route.ts",".ts","1730","3/09/2025 23:26:51"
"C:\Users\Wante\OneDrive\AI-social-manager\web\__backup\src\app\api\meta\page_info\route.ts","route.ts",".ts","935","3/09/2025 15:27:53"
"C:\Users\Wante\OneDrive\AI-social-manager\web\__backup\src\app\api\meta\page_info_first\route.ts","route.ts",".ts","1695","3/09/2025 20:31:55"
"C:\Users\Wante\OneDrive\AI-social-manager\web\__backup\src\app\api\meta\page_token\route.ts","route.ts",".ts","1903","14/09/2025 12:28:11"
"C:\Users\Wante\OneDrive\AI-social-manager\web\__backup\src\app\api\meta\post_text\route.ts","route.ts",".ts","3237","14/09/2025 13:09:30"
"C:\Users\Wante\OneDrive\AI-social-manager\web\__backup\src\app\api\meta\save_page_token\route.ts","route.ts",".ts","1665","7/09/2025 15:32:05"
"C:\Users\Wante\OneDrive\AI-social-manager\web\__backup\src\app\api\ping\route.ts","route.ts",".ts","593","16/09/2025 14:49:19"
"C:\Users\Wante\OneDrive\AI-social-manager\web\__backup\src\app\api\schedule\create","create","",,"20/09/2025 14:57:23"
"C:\Users\Wante\OneDrive\AI-social-manager\web\__backup\src\app\api\schedule\cron","cron","",,"20/09/2025 14:57:23"
"C:\Users\Wante\OneDrive\AI-social-manager\web\__backup\src\app\api\schedule\debug","debug","",,"20/09/2025 14:57:23"
"C:\Users\Wante\OneDrive\AI-social-manager\web\__backup\src\app\api\schedule\delete","delete","",,"20/09/2025 14:57:23"
"C:\Users\Wante\OneDrive\AI-social-manager\web\__backup\src\app\api\schedule\dispatch-due","dispatch-due","",,"20/09/2025 14:57:23"
"C:\Users\Wante\OneDrive\AI-social-manager\web\__backup\src\app\api\schedule\due","due","",,"20/09/2025 14:57:23"
"C:\Users\Wante\OneDrive\AI-social-manager\web\__backup\src\app\api\schedule\force","force","",,"20/09/2025 14:57:23"
"C:\Users\Wante\OneDrive\AI-social-manager\web\__backup\src\app\api\schedule\ical","ical","",,"20/09/2025 14:57:23"
"C:\Users\Wante\OneDrive\AI-social-manager\web\__backup\src\app\api\schedule\list","list","",,"20/09/2025 14:57:23"
"C:\Users\Wante\OneDrive\AI-social-manager\web\__backup\src\app\api\schedule\mark","mark","",,"20/09/2025 14:57:23"
"C:\Users\Wante\OneDrive\AI-social-manager\web\__backup\src\app\api\schedule\reschedule","reschedule","",,"20/09/2025 14:57:23"
"C:\Users\Wante\OneDrive\AI-social-manager\web\__backup\src\app\api\schedule\retry_failed","retry_failed","",,"20/09/2025 14:57:23"
"C:\Users\Wante\OneDrive\AI-social-manager\web\__backup\src\app\api\schedule\retry_now","retry_now","",,"20/09/2025 14:57:23"
"C:\Users\Wante\OneDrive\AI-social-manager\web\__backup\src\app\api\schedule\run","run","",,"20/09/2025 14:57:23"
"C:\Users\Wante\OneDrive\AI-social-manager\web\__backup\src\app\api\schedule\run-Force","run-Force","",,"20/09/2025 14:57:23"
"C:\Users\Wante\OneDrive\AI-social-manager\web\__backup\src\app\api\schedule\run_due","run_due","",,"20/09/2025 14:57:23"
"C:\Users\Wante\OneDrive\AI-social-manager\web\__backup\src\app\api\schedule\_store.ts","_store.ts",".ts","2326","14/09/2025 18:34:01"
"C:\Users\Wante\OneDrive\AI-social-manager\web\__backup\src\app\api\schedule\create\route.ts","route.ts",".ts","1155","16/09/2025 14:50:01"
"C:\Users\Wante\OneDrive\AI-social-manager\web\__backup\src\app\api\schedule\cron\route.ts","route.ts",".ts","1728","7/09/2025 13:40:24"
"C:\Users\Wante\OneDrive\AI-social-manager\web\__backup\src\app\api\schedule\debug\route.ts","route.ts",".ts","538","16/09/2025 14:49:35"
"C:\Users\Wante\OneDrive\AI-social-manager\web\__backup\src\app\api\schedule\delete\route.ts","route.ts",".ts","815","16/09/2025 14:17:52"
"C:\Users\Wante\OneDrive\AI-social-manager\web\__backup\src\app\api\schedule\dispatch-due\route.ts","route.ts",".ts","1916","17/09/2025 19:13:13"
"C:\Users\Wante\OneDrive\AI-social-manager\web\__backup\src\app\api\schedule\due\route.ts","route.ts",".ts","435","5/09/2025 14:51:18"
"C:\Users\Wante\OneDrive\AI-social-manager\web\__backup\src\app\api\schedule\force\route.ts","route.ts",".ts","983","17/09/2025 19:13:36"
"C:\Users\Wante\OneDrive\AI-social-manager\web\__backup\src\app\api\schedule\ical\route.ts","route.ts",".ts","1947","5/09/2025 19:38:20"
"C:\Users\Wante\OneDrive\AI-social-manager\web\__backup\src\app\api\schedule\list\route.ts","route.ts",".ts","454","20/09/2025 13:25:25"
"C:\Users\Wante\OneDrive\AI-social-manager\web\__backup\src\app\api\schedule\mark\route.ts","route.ts",".ts","650","5/09/2025 14:44:28"
"C:\Users\Wante\OneDrive\AI-social-manager\web\__backup\src\app\api\schedule\reschedule\route.ts","route.ts",".ts","966","5/09/2025 19:33:26"
"C:\Users\Wante\OneDrive\AI-social-manager\web\__backup\src\app\api\schedule\retry_failed\route.ts","route.ts",".ts","781","5/09/2025 19:59:13"
"C:\Users\Wante\OneDrive\AI-social-manager\web\__backup\src\app\api\schedule\retry_now\route.ts","route.ts",".ts","1088","5/09/2025 19:58:40"
"C:\Users\Wante\OneDrive\AI-social-manager\web\__backup\src\app\api\schedule\run\route.ts","route.ts",".ts","5646","9/09/2025 14:28:00"
"C:\Users\Wante\OneDrive\AI-social-manager\web\__backup\src\app\api\schedule\run_due\route.ts","route.ts",".ts","887","9/09/2025 14:21:03"
"C:\Users\Wante\OneDrive\AI-social-manager\web\__backup\src\app\api\supabase\diag","diag","",,"20/09/2025 14:57:23"
"C:\Users\Wante\OneDrive\AI-social-manager\web\__backup\src\app\api\supabase\diag\route.ts","route.ts",".ts","882","5/09/2025 22:24:18"
"C:\Users\Wante\OneDrive\AI-social-manager\web\__backup\src\app\api\templates\delete","delete","",,"20/09/2025 14:57:23"
"C:\Users\Wante\OneDrive\AI-social-manager\web\__backup\src\app\api\templates\list","list","",,"20/09/2025 14:57:23"
"C:\Users\Wante\OneDrive\AI-social-manager\web\__backup\src\app\api\templates\upsert","upsert","",,"20/09/2025 14:57:23"
"C:\Users\Wante\OneDrive\AI-social-manager\web\__backup\src\app\api\templates\_store.ts","_store.ts",".ts","5895","5/09/2025 16:19:43"
"C:\Users\Wante\OneDrive\AI-social-manager\web\__backup\src\app\api\templates\delete\route.ts","route.ts",".ts","569","5/09/2025 16:41:05"
"C:\Users\Wante\OneDrive\AI-social-manager\web\__backup\src\app\api\templates\list\route.ts","route.ts",".ts","735","5/09/2025 16:23:57"
"C:\Users\Wante\OneDrive\AI-social-manager\web\__backup\src\app\api\templates\upsert\route.ts","route.ts",".ts","502","5/09/2025 16:40:40"
"C:\Users\Wante\OneDrive\AI-social-manager\web\__backup\src\app\api\upload\route.ts","route.ts",".ts","1160","16/09/2025 14:10:32"
"C:\Users\Wante\OneDrive\AI-social-manager\web\__backup\src\app\app\brand-voice","brand-voice","",,"20/09/2025 14:57:23"
"C:\Users\Wante\OneDrive\AI-social-manager\web\__backup\src\app\app\calendar","calendar","",,"20/09/2025 14:57:23"
"C:\Users\Wante\OneDrive\AI-social-manager\web\__backup\src\app\app\components","components","",,"20/09/2025 14:57:23"
"C:\Users\Wante\OneDrive\AI-social-manager\web\__backup\src\app\app\connect","connect","",,"20/09/2025 14:57:23"
"C:\Users\Wante\OneDrive\AI-social-manager\web\__backup\src\app\app\home","home","",,"20/09/2025 14:57:23"
"C:\Users\Wante\OneDrive\AI-social-manager\web\__backup\src\app\app\ig-test","ig-test","",,"20/09/2025 14:57:23"
"C:\Users\Wante\OneDrive\AI-social-manager\web\__backup\src\app\app\offer-visual","offer-visual","",,"20/09/2025 14:57:23"
"C:\Users\Wante\OneDrive\AI-social-manager\web\__backup\src\app\app\packs","packs","",,"20/09/2025 14:57:23"
"C:\Users\Wante\OneDrive\AI-social-manager\web\__backup\src\app\app\planner","planner","",,"20/09/2025 14:57:24"
"C:\Users\Wante\OneDrive\AI-social-manager\web\__backup\src\app\app\publishing","publishing","",,"20/09/2025 14:57:24"
"C:\Users\Wante\OneDrive\AI-social-manager\web\__backup\src\app\app\scheduler","scheduler","",,"20/09/2025 14:57:24"
"C:\Users\Wante\OneDrive\AI-social-manager\web\__backup\src\app\app\settings","settings","",,"20/09/2025 14:57:24"
"C:\Users\Wante\OneDrive\AI-social-manager\web\__backup\src\app\app\style-blackgold","style-blackgold","",,"20/09/2025 14:57:24"
"C:\Users\Wante\OneDrive\AI-social-manager\web\__backup\src\app\app\style-demo","style-demo","",,"20/09/2025 14:57:24"
"C:\Users\Wante\OneDrive\AI-social-manager\web\__backup\src\app\app\templates","templates","",,"20/09/2025 14:57:24"
"C:\Users\Wante\OneDrive\AI-social-manager\web\__backup\src\app\app\config.ts","config.ts",".ts","2183","20/09/2025 11:43:00"
"C:\Users\Wante\OneDrive\AI-social-manager\web\__backup\src\app\app\globals.bak.css","globals.bak.css",".css","1263","20/09/2025 11:02:49"
"C:\Users\Wante\OneDrive\AI-social-manager\web\__backup\src\app\app\globals.css","globals.css",".css","211","20/09/2025 12:57:57"
"C:\Users\Wante\OneDrive\AI-social-manager\web\__backup\src\app\app\layout.backup.tsx.tsx","layout.backup.tsx.tsx",".tsx","3390","9/09/2025 9:31:23"
"C:\Users\Wante\OneDrive\AI-social-manager\web\__backup\src\app\app\layout.tsx","layout.tsx",".tsx","665","20/09/2025 13:21:44"
"C:\Users\Wante\OneDrive\AI-social-manager\web\__backup\src\app\app\layout.tsx.tsx","layout.tsx.tsx",".tsx","3390","9/09/2025 9:31:23"
"C:\Users\Wante\OneDrive\AI-social-manager\web\__backup\src\app\app\layout_old.tsx","layout_old.tsx",".tsx","2389","8/09/2025 21:19:33"
"C:\Users\Wante\OneDrive\AI-social-manager\web\__backup\src\app\app\page.tsx","page.tsx",".tsx","106","20/09/2025 13:02:38"
"C:\Users\Wante\OneDrive\AI-social-manager\web\__backup\src\app\app\brand-voice\page.tsx","page.tsx",".tsx","14793","20/09/2025 13:12:31"
"C:\Users\Wante\OneDrive\AI-social-manager\web\__backup\src\app\app\calendar\page.tsx","page.tsx",".tsx","12781","9/09/2025 11:28:48"
"C:\Users\Wante\OneDrive\AI-social-manager\web\__backup\src\app\app\components\AppSidebar.tsx","AppSidebar.tsx",".tsx","2806","19/09/2025 13:58:01"
"C:\Users\Wante\OneDrive\AI-social-manager\web\__backup\src\app\app\components\AppTopbar.tsx","AppTopbar.tsx",".tsx","1837","20/09/2025 13:01:11"
"C:\Users\Wante\OneDrive\AI-social-manager\web\__backup\src\app\app\components\ComingSoon.tsx","ComingSoon.tsx",".tsx","2028","19/09/2025 13:59:34"
"C:\Users\Wante\OneDrive\AI-social-manager\web\__backup\src\app\app\components\PageShell.tsx","PageShell.tsx",".tsx","460","20/09/2025 12:59:03"
"C:\Users\Wante\OneDrive\AI-social-manager\web\__backup\src\app\app\components\ui.tsx","ui.tsx",".tsx","668","20/09/2025 13:00:31"
"C:\Users\Wante\OneDrive\AI-social-manager\web\__backup\src\app\app\connect\page.tsx.txt","page.tsx.txt",".txt","1991","5/09/2025 12:26:57"
"C:\Users\Wante\OneDrive\AI-social-manager\web\__backup\src\app\app\connect\PagesLoader.tsx","PagesLoader.tsx",".tsx","2925","3/09/2025 12:26:12"
"C:\Users\Wante\OneDrive\AI-social-manager\web\__backup\src\app\app\home\page.tsx","page.tsx",".tsx","2204","20/09/2025 13:02:00"
"C:\Users\Wante\OneDrive\AI-social-manager\web\__backup\src\app\app\ig-test\page.tsx","page.tsx",".tsx","4991","5/09/2025 12:47:44"
"C:\Users\Wante\OneDrive\AI-social-manager\web\__backup\src\app\app\ig-test\page.tsx.txt","page.tsx.txt",".txt","4850","5/09/2025 12:34:12"
"C:\Users\Wante\OneDrive\AI-social-manager\web\__backup\src\app\app\offer-visual\page.tsx","page.tsx",".tsx","14791","20/09/2025 13:13:54"
"C:\Users\Wante\OneDrive\AI-social-manager\web\__backup\src\app\app\packs\page.tsx","page.tsx",".tsx",,"20/09/2025 14:57:23"
"C:\Users\Wante\OneDrive\AI-social-manager\web\__backup\src\app\app\packs\page.tsx\page_packs_edit.tsx","page_packs_edit.tsx",".tsx",,"20/09/2025 14:57:23"
"C:\Users\Wante\OneDrive\AI-social-manager\web\__backup\src\app\app\packs\page.tsx\page_packs.tsx","page_packs.tsx",".tsx","6727","10/09/2025 12:17:40"
"C:\Users\Wante\OneDrive\AI-social-manager\web\__backup\src\app\app\publishing\page.tsx","page.tsx",".tsx","1974","20/09/2025 13:14:32"
"C:\Users\Wante\OneDrive\AI-social-manager\web\__backup\src\app\app\scheduler\page.tsx","page.tsx",".tsx","125","9/09/2025 13:16:04"
"C:\Users\Wante\OneDrive\AI-social-manager\web\__backup\src\app\app\settings\HashtagBundles.tsx","HashtagBundles.tsx",".tsx","4907","9/09/2025 15:54:21"
"C:\Users\Wante\OneDrive\AI-social-manager\web\__backup\src\app\app\settings\page.tsx","page.tsx",".tsx","5765","20/09/2025 13:15:00"
"C:\Users\Wante\OneDrive\AI-social-manager\web\__backup\src\app\app\style-blackgold\page.tsx","page.tsx",".tsx","9160","19/09/2025 13:50:20"
"C:\Users\Wante\OneDrive\AI-social-manager\web\__backup\src\app\app\style-demo\page.tsx","page.tsx",".tsx","8089","19/09/2025 13:44:06"
"C:\Users\Wante\OneDrive\AI-social-manager\web\__backup\src\app\app\templates\page.tsx","page.tsx",".tsx","8657","5/09/2025 16:46:28"
"C:\Users\Wante\OneDrive\AI-social-manager\web\__backup\src\app\components\CreditsWidget.tsx","CreditsWidget.tsx",".tsx",,"20/09/2025 14:57:24"
"C:\Users\Wante\OneDrive\AI-social-manager\web\__backup\src\app\components\WalletBadge.tsx","WalletBadge.tsx",".tsx","3952","10/09/2025 19:28:58"
"C:\Users\Wante\OneDrive\AI-social-manager\web\__backup\src\app\connect\debug","debug","",,"20/09/2025 14:57:24"
"C:\Users\Wante\OneDrive\AI-social-manager\web\__backup\src\app\connect\page.tsx.txt","page.tsx.txt",".txt","2864","5/09/2025 11:48:41"
"C:\Users\Wante\OneDrive\AI-social-manager\web\__backup\src\app\connect\debug\page.tsx","page.tsx",".tsx","1125","14/09/2025 11:31:08"
"C:\Users\Wante\OneDrive\AI-social-manager\web\__backup\src\app\packs\page.tsx_test","page.tsx_test",".tsx_test",,"20/09/2025 14:57:24"
"C:\Users\Wante\OneDrive\AI-social-manager\web\__backup\src\app\packs\page.tsx","page.tsx",".tsx","8338","10/09/2025 20:09:46"
"C:\Users\Wante\OneDrive\AI-social-manager\web\__backup\src\app\packs\page.tsx_test\page.tsx","page.tsx",".tsx","6147","10/09/2025 18:45:11"
"C:\Users\Wante\OneDrive\AI-social-manager\web\__backup\src\app\packs\page.tsx_test\page_packs.tsx","page_packs.tsx",".tsx","6727","10/09/2025 12:17:40"
"C:\Users\Wante\OneDrive\AI-social-manager\web\__backup\src\app\planner\PlannerImageTool.tsx","PlannerImageTool.tsx",".tsx","4437","9/09/2025 20:33:15"
"C:\Users\Wante\OneDrive\AI-social-manager\web\__backup\src\app\team\page.tsx","page.tsx",".tsx","5726","10/09/2025 22:12:45"
"C:\Users\Wante\OneDrive\AI-social-manager\web\__backup\src\components\AppNav.tsx","AppNav.tsx",".tsx",,"20/09/2025 14:57:24"
"C:\Users\Wante\OneDrive\AI-social-manager\web\__backup\src\components\ImageGenerator.tsx","ImageGenerator.tsx",".tsx","4122","9/09/2025 20:21:48"
"C:\Users\Wante\OneDrive\AI-social-manager\web\__backup\src\lib\auth.ts","auth.ts",".ts","1153","5/09/2025 11:11:19"
"C:\Users\Wante\OneDrive\AI-social-manager\web\__backup\src\lib\taskStore.ts","taskStore.ts",".ts","1792","20/09/2025 13:24:35"
"C:\Users\Wante\OneDrive\AI-social-manager\web\__snapshot_20250923_104925\app","app","",,"23/09/2025 11:12:14"
"C:\Users\Wante\OneDrive\AI-social-manager\web\__snapshot_20250923_104925\data","data","",,"23/09/2025 11:12:37"
"C:\Users\Wante\OneDrive\AI-social-manager\web\__snapshot_20250923_104925\public","public","",,"23/09/2025 11:12:02"
"C:\Users\Wante\OneDrive\AI-social-manager\web\__snapshot_20250923_104925\.env.local",".env.local",".local","1284","18/09/2025 19:42:02"
"C:\Users\Wante\OneDrive\AI-social-manager\web\__snapshot_20250923_104925\diamond_pricing.json","diamond_pricing.json",".json","1029","10/09/2025 11:57:37"
"C:\Users\Wante\OneDrive\AI-social-manager\web\__snapshot_20250923_104925\eslint.config.mjs","eslint.config.mjs",".mjs","524","2/09/2025 14:03:47"
"C:\Users\Wante\OneDrive\AI-social-manager\web\__snapshot_20250923_104925\next-env.d.ts","next-env.d.ts",".ts","262","20/09/2025 15:14:51"
"C:\Users\Wante\OneDrive\AI-social-manager\web\__snapshot_20250923_104925\next.config.ts","next.config.ts",".ts","292","20/09/2025 16:38:04"
"C:\Users\Wante\OneDrive\AI-social-manager\web\__snapshot_20250923_104925\package-lock.json","package-lock.json",".json","73475","23/09/2025 8:56:38"
"C:\Users\Wante\OneDrive\AI-social-manager\web\__snapshot_20250923_104925\package.broken.json","package.broken.json",".json","405","20/09/2025 16:10:50"
"C:\Users\Wante\OneDrive\AI-social-manager\web\__snapshot_20250923_104925\package.json","package.json",".json","579","23/09/2025 8:56:38"
"C:\Users\Wante\OneDrive\AI-social-manager\web\__snapshot_20250923_104925\README.md","README.md",".md","1450","2/09/2025 14:03:47"
"C:\Users\Wante\OneDrive\AI-social-manager\web\__snapshot_20250923_104925\run_due.bat","run_due.bat",".bat","101","9/09/2025 14:42:03"
"C:\Users\Wante\OneDrive\AI-social-manager\web\__snapshot_20250923_104925\run_due_silent.vbs","run_due_silent.vbs",".vbs","141","9/09/2025 14:57:06"
"C:\Users\Wante\OneDrive\AI-social-manager\web\__snapshot_20250923_104925\tsconfig.json","tsconfig.json",".json","670","8/09/2025 20:49:29"
"C:\Users\Wante\OneDrive\AI-social-manager\web\__snapshot_20250923_104925\app\api","api","",,"23/09/2025 11:12:14"
"C:\Users\Wante\OneDrive\AI-social-manager\web\__snapshot_20250923_104925\app\api\ai","ai","",,"23/09/2025 11:12:14"
"C:\Users\Wante\OneDrive\AI-social-manager\web\__snapshot_20250923_104925\app\api\ai\visual","visual","",,"23/09/2025 11:12:14"
"C:\Users\Wante\OneDrive\AI-social-manager\web\__snapshot_20250923_104925\app\api\ai\visual\route.ts","route.ts",".ts","2029","23/09/2025 10:19:25"
"C:\Users\Wante\OneDrive\AI-social-manager\web\__snapshot_20250923_104925\public\brand","brand","",,"23/09/2025 11:12:07"
"C:\Users\Wante\OneDrive\AI-social-manager\web\__snapshot_20250923_104925\public\uploads","uploads","",,"23/09/2025 11:12:37"
"C:\Users\Wante\OneDrive\AI-social-manager\web\__snapshot_20250923_104925\public\file.svg","file.svg",".svg","392","2/09/2025 14:39:34"
"C:\Users\Wante\OneDrive\AI-social-manager\web\__snapshot_20250923_104925\public\globe.svg","globe.svg",".svg","1036","2/09/2025 14:39:34"
"C:\Users\Wante\OneDrive\AI-social-manager\web\__snapshot_20250923_104925\public\logo.svg","logo.svg",".svg","523","21/09/2025 17:29:07"
"C:\Users\Wante\OneDrive\AI-social-manager\web\__snapshot_20250923_104925\public\next.svg","next.svg",".svg","1376","2/09/2025 14:39:34"
"C:\Users\Wante\OneDrive\AI-social-manager\web\__snapshot_20250923_104925\public\vercel.svg","vercel.svg",".svg","129","2/09/2025 14:39:34"
"C:\Users\Wante\OneDrive\AI-social-manager\web\__snapshot_20250923_104925\public\window.svg","window.svg",".svg","386","2/09/2025 14:39:34"
"C:\Users\Wante\OneDrive\AI-social-manager\web\__snapshot_20250923_104925\public\brand\Afbeelding van WhatsApp op 2025-09-22 om 17.00.44_3728bce3.jpg","Afbeelding van WhatsApp op 2025-09-22 om 17.00.44_3728bce3.jpg",".jpg","23091","22/09/2025 17:00:45"
